,Close Time,Close
0,2017-08-17 23:59:59.999000064,4285.08
1,2017-08-18 23:59:59.999000064,4108.37
2,2017-08-19 23:59:59.999000064,4139.98
3,2017-08-20 23:59:59.999000064,4086.29
4,2017-08-21 23:59:59.999000064,4016.0
5,2017-08-22 23:59:59.999000064,4040.0
6,2017-08-23 23:59:59.999000064,4114.01
7,2017-08-24 23:59:59.999000064,4316.01
8,2017-08-25 23:59:59.999000064,4280.68
9,2017-08-26 23:59:59.999000064,4337.44
10,2017-08-27 23:59:59.999000064,4310.01
11,2017-08-28 23:59:59.999000064,4386.69
12,2017-08-29 23:59:59.999000064,4587.48
13,2017-08-30 23:59:59.999000064,4555.14
14,2017-08-31 23:59:59.999000064,4724.89
15,2017-09-01 23:59:59.999000064,4834.91
16,2017-09-02 23:59:59.999000064,4472.14
17,2017-09-03 23:59:59.999000064,4509.08
18,2017-09-04 23:59:59.999000064,4100.11
19,2017-09-05 23:59:59.999000064,4366.47
20,2017-09-06 23:59:59.999000064,4619.77
21,2017-09-07 23:59:59.999000064,4691.61
22,2017-09-08 23:59:59.999000064,4282.8
23,2017-09-09 23:59:59.999000064,4258.81
24,2017-09-10 23:59:59.999000064,4130.37
25,2017-09-11 23:59:59.999000064,4208.47
26,2017-09-12 23:59:59.999000064,4163.72
27,2017-09-13 23:59:59.999000064,3944.69
28,2017-09-14 23:59:59.999000064,3189.02
29,2017-09-15 23:59:59.999000064,3700.0
30,2017-09-16 23:59:59.999000064,3714.95
31,2017-09-17 23:59:59.999000064,3699.99
32,2017-09-18 23:59:59.999000064,4035.01
33,2017-09-19 23:59:59.999000064,3910.04
34,2017-09-20 23:59:59.999000064,3900.0
35,2017-09-21 23:59:59.999000064,3609.99
36,2017-09-22 23:59:59.999000064,3595.87
37,2017-09-23 23:59:59.999000064,3780.0
38,2017-09-24 23:59:59.999000064,3660.02
39,2017-09-25 23:59:59.999000064,3920.75
40,2017-09-26 23:59:59.999000064,3882.35
41,2017-09-27 23:59:59.999000064,4193.0
42,2017-09-28 23:59:59.999000064,4174.5
43,2017-09-29 23:59:59.999000064,4174.69
44,2017-09-30 23:59:59.999000064,4378.51
45,2017-10-01 23:59:59.999000064,4378.48
46,2017-10-02 23:59:59.999000064,4380.0
47,2017-10-03 23:59:59.999000064,4310.0
48,2017-10-04 23:59:59.999000064,4208.59
49,2017-10-05 23:59:59.999000064,4292.43
50,2017-10-06 23:59:59.999000064,4369.0
51,2017-10-07 23:59:59.999000064,4423.0
52,2017-10-08 23:59:59.999000064,4640.0
53,2017-10-09 23:59:59.999000064,4786.95
54,2017-10-10 23:59:59.999000064,4783.06
55,2017-10-11 23:59:59.999000064,4821.43
56,2017-10-12 23:59:59.999000064,5430.0
57,2017-10-13 23:59:59.999000064,5649.98
58,2017-10-14 23:59:59.999000064,5869.99
59,2017-10-15 23:59:59.999000064,5709.99
60,2017-10-16 23:59:59.999000064,5760.02
61,2017-10-17 23:59:59.999000064,5595.0
62,2017-10-18 23:59:59.999000064,5512.06
63,2017-10-19 23:59:59.999000064,5683.9
64,2017-10-20 23:59:59.999000064,6010.01
65,2017-10-21 23:59:59.999000064,6024.97
66,2017-10-22 23:59:59.999000064,5950.02
67,2017-10-23 23:59:59.999000064,5915.93
68,2017-10-24 23:59:59.999000064,5477.03
69,2017-10-25 23:59:59.999000064,5689.99
70,2017-10-26 23:59:59.999000064,5861.77
71,2017-10-27 23:59:59.999000064,5768.83
72,2017-10-28 23:59:59.999000064,5719.64
73,2017-10-29 23:59:59.999000064,6169.98
74,2017-10-30 23:59:59.999000064,6120.5
75,2017-10-31 23:59:59.999000064,6463.0
76,2017-11-01 23:59:59.999000064,6753.98
77,2017-11-02 23:59:59.999000064,7019.98
78,2017-11-03 23:59:59.999000064,7115.04
79,2017-11-04 23:59:59.999000064,7357.09
80,2017-11-05 23:59:59.999000064,7345.01
81,2017-11-06 23:59:59.999000064,6960.12
82,2017-11-07 23:59:59.999000064,7064.04
83,2017-11-08 23:59:59.999000064,7303.0
84,2017-11-09 23:59:59.999000064,7079.99
85,2017-11-10 23:59:59.999000064,6506.98
86,2017-11-11 23:59:59.999000064,6245.05
87,2017-11-12 23:59:59.999000064,5811.03
88,2017-11-13 23:59:59.999000064,6465.99
89,2017-11-14 23:59:59.999000064,6574.99
90,2017-11-15 23:59:59.999000064,7240.06
91,2017-11-16 23:59:59.999000064,7864.5
92,2017-11-17 23:59:59.999000064,7699.19
93,2017-11-18 23:59:59.999000064,7761.94
94,2017-11-19 23:59:59.999000064,8038.0
95,2017-11-20 23:59:59.999000064,8212.0
96,2017-11-21 23:59:59.999000064,8119.51
97,2017-11-22 23:59:59.999000064,8205.92
98,2017-11-23 23:59:59.999000064,8019.99
99,2017-11-24 23:59:59.999000064,8138.0
100,2017-11-25 23:59:59.999000064,8700.01
101,2017-11-26 23:59:59.999000064,9128.02
102,2017-11-27 23:59:59.999000064,9650.0
103,2017-11-28 23:59:59.999000064,9896.8
104,2017-11-29 23:59:59.999000064,9687.88
105,2017-11-30 23:59:59.999000064,9838.96
106,2017-12-01 23:59:59.999000064,10782.99
107,2017-12-02 23:59:59.999000064,10890.01
108,2017-12-03 23:59:59.999000064,11165.41
109,2017-12-04 23:59:59.999000064,11579.0
110,2017-12-05 23:59:59.999000064,11699.99
111,2017-12-06 23:59:59.999000064,13550.05
112,2017-12-07 23:59:59.999000064,16599.0
113,2017-12-08 23:59:59.999000064,15880.0
114,2017-12-09 23:59:59.999000064,14656.07
115,2017-12-10 23:59:59.999000064,14899.98
116,2017-12-11 23:59:59.999000064,16587.97
117,2017-12-12 23:59:59.999000064,16349.99
118,2017-12-13 23:59:59.999000064,16033.29
119,2017-12-14 23:59:59.999000064,16334.98
120,2017-12-15 23:59:59.999000064,17539.83
121,2017-12-16 23:59:59.999000064,19102.66
122,2017-12-17 23:59:59.999000064,18860.02
123,2017-12-18 23:59:59.999000064,18856.25
124,2017-12-19 23:59:59.999000064,17295.2
125,2017-12-20 23:59:59.999000064,16488.98
126,2017-12-21 23:59:59.999000064,15492.64
127,2017-12-22 23:59:59.999000064,13326.61
128,2017-12-23 23:59:59.999000064,13300.0
129,2017-12-24 23:59:59.999000064,13500.0
130,2017-12-25 23:59:59.999000064,13699.34
131,2017-12-26 23:59:59.999000064,15689.01
132,2017-12-27 23:59:59.999000064,15459.99
133,2017-12-28 23:59:59.999000064,14182.11
134,2017-12-29 23:59:59.999000064,14378.9
135,2017-12-30 23:59:59.999000064,12440.01
136,2017-12-31 23:59:59.999000064,13716.36
137,2018-01-01 23:59:59.999000064,13380.0
138,2018-01-02 23:59:59.999000064,14675.11
139,2018-01-03 23:59:59.999000064,14919.51
140,2018-01-04 23:59:59.999000064,15059.54
141,2018-01-05 23:59:59.999000064,16960.39
142,2018-01-06 23:59:59.999000064,17069.79
143,2018-01-07 23:59:59.999000064,16150.03
144,2018-01-08 23:59:59.999000064,14902.54
145,2018-01-09 23:59:59.999000064,14400.0
146,2018-01-10 23:59:59.999000064,14907.09
147,2018-01-11 23:59:59.999000064,13238.78
148,2018-01-12 23:59:59.999000064,13740.01
149,2018-01-13 23:59:59.999000064,14210.0
150,2018-01-14 23:59:59.999000064,13474.99
151,2018-01-15 23:59:59.999000064,13539.93
152,2018-01-16 23:59:59.999000064,10900.0
153,2018-01-17 23:59:59.999000064,10988.79
154,2018-01-18 23:59:59.999000064,10961.97
155,2018-01-19 23:59:59.999000064,11474.98
156,2018-01-20 23:59:59.999000064,12799.94
157,2018-01-21 23:59:59.999000064,11530.0
158,2018-01-22 23:59:59.999000064,10760.05
159,2018-01-23 23:59:59.999000064,10799.18
160,2018-01-24 23:59:59.999000064,11349.99
161,2018-01-25 23:59:59.999000064,11175.27
162,2018-01-26 23:59:59.999000064,11089.0
163,2018-01-27 23:59:59.999000064,11491.0
164,2018-01-28 23:59:59.999000064,11879.95
165,2018-01-29 23:59:59.999000064,11251.0
166,2018-01-30 23:59:59.999000064,10237.51
167,2018-01-31 23:59:59.999000064,10285.1
168,2018-02-01 23:59:59.999000064,9224.52
169,2018-02-02 23:59:59.999000064,8873.03
170,2018-02-03 23:59:59.999000064,9199.96
171,2018-02-04 23:59:59.999000064,8184.81
172,2018-02-05 23:59:59.999000064,6939.99
173,2018-02-06 23:59:59.999000064,7652.14
174,2018-02-07 23:59:59.999000064,7599.0
175,2018-02-08 00:28:14.788000000,7784.02
176,2018-02-09 23:59:59.999000064,8683.92
177,2018-02-10 23:59:59.999000064,8533.98
178,2018-02-11 23:59:59.999000064,8063.88
179,2018-02-12 23:59:59.999000064,8903.0
180,2018-02-13 23:59:59.999000064,8539.9
181,2018-02-14 23:59:59.999000064,9449.99
182,2018-02-15 23:59:59.999000064,10000.09
183,2018-02-16 23:59:59.999000064,10159.98
184,2018-02-17 23:59:59.999000064,11039.55
185,2018-02-18 23:59:59.999000064,10383.43
186,2018-02-19 23:59:59.999000064,11153.0
187,2018-02-20 23:59:59.999000064,11200.99
188,2018-02-21 23:59:59.999000064,10437.6
189,2018-02-22 23:59:59.999000064,9811.04
190,2018-02-23 23:59:59.999000064,10131.04
191,2018-02-24 23:59:59.999000064,9694.51
192,2018-02-25 23:59:59.999000064,9590.0
193,2018-02-26 23:59:59.999000064,10324.0
194,2018-02-27 23:59:59.999000064,10569.04
195,2018-02-28 23:59:59.999000064,10326.76
196,2018-03-01 23:59:59.999000064,10920.0
197,2018-03-02 23:59:59.999000064,11039.0
198,2018-03-03 23:59:59.999000064,11464.48
199,2018-03-04 23:59:59.999000064,11515.0
200,2018-03-05 23:59:59.999000064,11454.0
201,2018-03-06 23:59:59.999000064,10716.48
202,2018-03-07 23:59:59.999000064,9910.0
203,2018-03-08 23:59:59.999000064,9271.64
204,2018-03-09 23:59:59.999000064,9227.0
205,2018-03-10 23:59:59.999000064,8770.22
206,2018-03-11 23:59:59.999000064,9533.57
207,2018-03-12 23:59:59.999000064,9131.34
208,2018-03-13 23:59:59.999000064,9150.0
209,2018-03-14 23:59:59.999000064,8170.0
210,2018-03-15 23:59:59.999000064,8240.98
211,2018-03-16 23:59:59.999000064,8260.0
212,2018-03-17 23:59:59.999000064,7824.8
213,2018-03-18 23:59:59.999000064,8189.99
214,2018-03-19 23:59:59.999000064,8600.0
215,2018-03-20 23:59:59.999000064,8909.98
216,2018-03-21 23:59:59.999000064,8885.0
217,2018-03-22 23:59:59.999000064,8722.9
218,2018-03-23 23:59:59.999000064,8898.03
219,2018-03-24 23:59:59.999000064,8546.86
220,2018-03-25 23:59:59.999000064,8470.15
221,2018-03-26 23:59:59.999000064,8134.23
222,2018-03-27 23:59:59.999000064,7795.51
223,2018-03-28 23:59:59.999000064,7949.3
224,2018-03-29 23:59:59.999000064,7090.14
225,2018-03-30 23:59:59.999000064,6840.23
226,2018-03-31 23:59:59.999000064,6923.91
227,2018-04-01 23:59:59.999000064,6813.01
228,2018-04-02 23:59:59.999000064,7056.0
229,2018-04-03 23:59:59.999000064,7405.21
230,2018-04-04 23:59:59.999000064,6796.1
231,2018-04-05 23:59:59.999000064,6770.76
232,2018-04-06 23:59:59.999000064,6601.39
233,2018-04-07 23:59:59.999000064,6895.8
234,2018-04-08 23:59:59.999000064,7018.0
235,2018-04-09 23:59:59.999000064,6782.72
236,2018-04-10 23:59:59.999000064,6843.9
237,2018-04-11 23:59:59.999000064,6953.79
238,2018-04-12 23:59:59.999000064,7923.0
239,2018-04-13 23:59:59.999000064,7877.41
240,2018-04-14 23:59:59.999000064,7999.01
241,2018-04-15 23:59:59.999000064,8355.0
242,2018-04-16 23:59:59.999000064,8064.92
243,2018-04-17 23:59:59.999000064,7885.02
244,2018-04-18 23:59:59.999000064,8173.0
245,2018-04-19 23:59:59.999000064,8278.0
246,2018-04-20 23:59:59.999000064,8856.98
247,2018-04-21 23:59:59.999000064,8915.31
248,2018-04-22 23:59:59.999000064,8787.02
249,2018-04-23 23:59:59.999000064,8934.01
250,2018-04-24 23:59:59.999000064,9619.99
251,2018-04-25 23:59:59.999000064,8869.99
252,2018-04-26 23:59:59.999000064,9266.0
253,2018-04-27 23:59:59.999000064,8915.35
254,2018-04-28 23:59:59.999000064,9348.0
255,2018-04-29 23:59:59.999000064,9419.0
256,2018-04-30 23:59:59.999000064,9246.01
257,2018-05-01 23:59:59.999000064,9071.48
258,2018-05-02 23:59:59.999000064,9247.84
259,2018-05-03 23:59:59.999000064,9750.0
260,2018-05-04 23:59:59.999000064,9713.99
261,2018-05-05 23:59:59.999000064,9864.0
262,2018-05-06 23:59:59.999000064,9659.01
263,2018-05-07 23:59:59.999000064,9365.0
264,2018-05-08 23:59:59.999000064,9187.56
265,2018-05-09 23:59:59.999000064,9310.0
266,2018-05-10 23:59:59.999000064,9002.2
267,2018-05-11 23:59:59.999000064,8400.0
268,2018-05-12 23:59:59.999000064,8465.94
269,2018-05-13 23:59:59.999000064,8679.71
270,2018-05-14 23:59:59.999000064,8663.34
271,2018-05-15 23:59:59.999000064,8462.0
272,2018-05-16 23:59:59.999000064,8330.0
273,2018-05-17 23:59:59.999000064,8041.46
274,2018-05-18 23:59:59.999000064,8239.81
275,2018-05-19 23:59:59.999000064,8233.49
276,2018-05-20 23:59:59.999000064,8526.98
277,2018-05-21 23:59:59.999000064,8381.24
278,2018-05-22 23:59:59.999000064,7977.11
279,2018-05-23 23:59:59.999000064,7501.95
280,2018-05-24 23:59:59.999000064,7575.01
281,2018-05-25 23:59:59.999000064,7457.0
282,2018-05-26 23:59:59.999000064,7333.96
283,2018-05-27 23:59:59.999000064,7338.99
284,2018-05-28 23:59:59.999000064,7099.0
285,2018-05-29 23:59:59.999000064,7461.29
286,2018-05-30 23:59:59.999000064,7375.96
287,2018-05-31 23:59:59.999000064,7485.01
288,2018-06-01 23:59:59.999000064,7521.01
289,2018-06-02 23:59:59.999000064,7640.03
290,2018-06-03 23:59:59.999000064,7714.26
291,2018-06-04 23:59:59.999000064,7487.0
292,2018-06-05 23:59:59.999000064,7625.0
293,2018-06-06 23:59:59.999000064,7658.84
294,2018-06-07 23:59:59.999000064,7691.08
295,2018-06-08 23:59:59.999000064,7603.44
296,2018-06-09 23:59:59.999000064,7491.73
297,2018-06-10 23:59:59.999000064,6764.99
298,2018-06-11 23:59:59.999000064,6872.0
299,2018-06-12 23:59:59.999000064,6530.0
300,2018-06-13 23:59:59.999000064,6292.78
301,2018-06-14 23:59:59.999000064,6635.98
302,2018-06-15 23:59:59.999000064,6388.9
303,2018-06-16 23:59:59.999000064,6483.98
304,2018-06-17 23:59:59.999000064,6449.61
305,2018-06-18 23:59:59.999000064,6712.46
306,2018-06-19 23:59:59.999000064,6741.21
307,2018-06-20 23:59:59.999000064,6761.51
308,2018-06-21 23:59:59.999000064,6718.84
309,2018-06-22 23:59:59.999000064,6045.0
310,2018-06-23 23:59:59.999000064,6149.98
311,2018-06-24 23:59:59.999000064,6136.97
312,2018-06-25 23:59:59.999000064,6252.0
313,2018-06-26 23:59:59.999000064,6070.78
314,2018-06-27 23:59:59.999000064,6133.73
315,2018-06-28 23:59:59.999000064,5853.98
316,2018-06-29 23:59:59.999000064,6197.92
317,2018-06-30 23:59:59.999000064,6390.07
318,2018-07-01 23:59:59.999000064,6356.81
319,2018-07-02 23:59:59.999000064,6615.29
320,2018-07-03 23:59:59.999000064,6513.86
321,2018-07-04 23:59:59.999000064,6586.98
322,2018-07-05 23:59:59.999000064,6529.2
323,2018-07-06 23:59:59.999000064,6609.78
324,2018-07-07 23:59:59.999000064,6756.98
325,2018-07-08 23:59:59.999000064,6712.1
326,2018-07-09 23:59:59.999000064,6662.12
327,2018-07-10 23:59:59.999000064,6296.91
328,2018-07-11 23:59:59.999000064,6378.07
329,2018-07-12 23:59:59.999000064,6250.57
330,2018-07-13 23:59:59.999000064,6214.57
331,2018-07-14 23:59:59.999000064,6251.99
332,2018-07-15 23:59:59.999000064,6353.01
333,2018-07-16 23:59:59.999000064,6723.35
334,2018-07-17 23:59:59.999000064,7317.44
335,2018-07-18 23:59:59.999000064,7381.9
336,2018-07-19 23:59:59.999000064,7466.21
337,2018-07-20 23:59:59.999000064,7337.53
338,2018-07-21 23:59:59.999000064,7398.78
339,2018-07-22 23:59:59.999000064,7394.79
340,2018-07-23 23:59:59.999000064,7721.01
341,2018-07-24 23:59:59.999000064,8397.24
342,2018-07-25 23:59:59.999000064,8175.64
343,2018-07-26 23:59:59.999000064,7920.0
344,2018-07-27 23:59:59.999000064,8188.57
345,2018-07-28 23:59:59.999000064,8225.04
346,2018-07-29 23:59:59.999000064,8211.0
347,2018-07-30 23:59:59.999000064,8173.92
348,2018-07-31 23:59:59.999000064,7730.93
349,2018-08-01 23:59:59.999000064,7604.58
350,2018-08-02 23:59:59.999000064,7525.71
351,2018-08-03 23:59:59.999000064,7418.78
352,2018-08-04 23:59:59.999000064,7009.84
353,2018-08-05 23:59:59.999000064,7024.19
354,2018-08-06 23:59:59.999000064,6934.82
355,2018-08-07 23:59:59.999000064,6720.06
356,2018-08-08 23:59:59.999000064,6285.0
357,2018-08-09 23:59:59.999000064,6529.79
358,2018-08-10 23:59:59.999000064,6144.01
359,2018-08-11 23:59:59.999000064,6232.35
360,2018-08-12 23:59:59.999000064,6308.33
361,2018-08-13 23:59:59.999000064,6246.35
362,2018-08-14 23:59:59.999000064,6188.08
363,2018-08-15 23:59:59.999000064,6267.16
364,2018-08-16 23:59:59.999000064,6311.75
365,2018-08-17 23:59:59.999000064,6584.49
366,2018-08-18 23:59:59.999000064,6387.96
367,2018-08-19 23:59:59.999000064,6477.53
368,2018-08-20 23:59:59.999000064,6254.84
369,2018-08-21 23:59:59.999000064,6480.0
370,2018-08-22 23:59:59.999000064,6360.89
371,2018-08-23 23:59:59.999000064,6525.01
372,2018-08-24 23:59:59.999000064,6681.64
373,2018-08-25 23:59:59.999000064,6733.64
374,2018-08-26 23:59:59.999000064,6700.0
375,2018-08-27 23:59:59.999000064,6908.64
376,2018-08-28 23:59:59.999000064,7076.11
377,2018-08-29 23:59:59.999000064,7031.22
378,2018-08-30 23:59:59.999000064,6984.84
379,2018-08-31 23:59:59.999000064,7011.21
380,2018-09-01 23:59:59.999000064,7200.01
381,2018-09-02 23:59:59.999000064,7302.01
382,2018-09-03 23:59:59.999000064,7263.02
383,2018-09-04 23:59:59.999000064,7359.06
384,2018-09-05 23:59:59.999000064,6700.0
385,2018-09-06 23:59:59.999000064,6516.01
386,2018-09-07 23:59:59.999000064,6395.54
387,2018-09-08 23:59:59.999000064,6185.05
388,2018-09-09 23:59:59.999000064,6250.81
389,2018-09-10 23:59:59.999000064,6312.0
390,2018-09-11 23:59:59.999000064,6294.91
391,2018-09-12 23:59:59.999000064,6338.62
392,2018-09-13 23:59:59.999000064,6487.38
393,2018-09-14 23:59:59.999000064,6476.63
394,2018-09-15 23:59:59.999000064,6514.96
395,2018-09-16 23:59:59.999000064,6505.0
396,2018-09-17 23:59:59.999000064,6248.69
397,2018-09-18 23:59:59.999000064,6336.45
398,2018-09-19 23:59:59.999000064,6391.89
399,2018-09-20 23:59:59.999000064,6492.0
400,2018-09-21 23:59:59.999000064,6759.02
401,2018-09-22 23:59:59.999000064,6723.05
402,2018-09-23 23:59:59.999000064,6708.0
403,2018-09-24 23:59:59.999000064,6581.39
404,2018-09-25 23:59:59.999000064,6447.54
405,2018-09-26 23:59:59.999000064,6465.12
406,2018-09-27 23:59:59.999000064,6689.13
407,2018-09-28 23:59:59.999000064,6634.58
408,2018-09-29 23:59:59.999000064,6596.38
409,2018-09-30 23:59:59.999000064,6626.57
410,2018-10-01 23:59:59.999000064,6611.61
411,2018-10-02 23:59:59.999000064,6525.79
412,2018-10-03 23:59:59.999000064,6510.0
413,2018-10-04 23:59:59.999000064,6593.79
414,2018-10-05 23:59:59.999000064,6635.65
415,2018-10-06 23:59:59.999000064,6594.27
416,2018-10-07 23:59:59.999000064,6615.26
417,2018-10-08 23:59:59.999000064,6673.01
418,2018-10-09 23:59:59.999000064,6656.61
419,2018-10-10 23:59:59.999000064,6631.0
420,2018-10-11 23:59:59.999000064,6252.68
421,2018-10-12 23:59:59.999000064,6298.01
422,2018-10-13 23:59:59.999000064,6332.93
423,2018-10-14 23:59:59.999000064,6339.34
424,2018-10-15 23:59:59.999000064,6752.5
425,2018-10-16 23:59:59.999000064,6759.27
426,2018-10-17 23:59:59.999000064,6740.89
427,2018-10-18 23:59:59.999000064,6618.96
428,2018-10-19 23:59:59.999000064,6528.88
429,2018-10-20 23:59:59.999000064,6588.4
430,2018-10-21 23:59:59.999000064,6590.11
431,2018-10-22 23:59:59.999000064,6581.2
432,2018-10-23 23:59:59.999000064,6553.51
433,2018-10-24 23:59:59.999000064,6565.5
434,2018-10-25 23:59:59.999000064,6528.09
435,2018-10-26 23:59:59.999000064,6538.63
436,2018-10-27 23:59:59.999000064,6505.6
437,2018-10-28 23:59:59.999000064,6489.93
438,2018-10-29 23:59:59.999000064,6344.5
439,2018-10-30 23:59:59.999000064,6330.87
440,2018-10-31 23:59:59.999000064,6371.93
441,2018-11-01 23:59:59.999000064,6410.0
442,2018-11-02 23:59:59.999000064,6433.98
443,2018-11-03 23:59:59.999000064,6387.09
444,2018-11-04 23:59:59.999000064,6485.85
445,2018-11-05 23:59:59.999000064,6468.99
446,2018-11-06 23:59:59.999000064,6519.11
447,2018-11-07 23:59:59.999000064,6578.46
448,2018-11-08 23:59:59.999000064,6479.84
449,2018-11-09 23:59:59.999000064,6419.99
450,2018-11-10 23:59:59.999000064,6433.05
451,2018-11-11 23:59:59.999000064,6449.81
452,2018-11-12 23:59:59.999000064,6453.07
453,2018-11-13 23:59:59.999000064,6457.66
454,2018-11-14 23:59:59.999000064,5922.41
455,2018-11-15 23:59:59.999000064,5753.4
456,2018-11-16 23:59:59.999000064,5655.94
457,2018-11-17 23:59:59.999000064,5628.29
458,2018-11-18 23:59:59.999000064,5662.0
459,2018-11-19 23:59:59.999000064,4910.03
460,2018-11-20 23:59:59.999000064,4558.86
461,2018-11-21 23:59:59.999000064,4661.07
462,2018-11-22 23:59:59.999000064,4370.0
463,2018-11-23 23:59:59.999000064,4420.61
464,2018-11-24 23:59:59.999000064,3932.44
465,2018-11-25 23:59:59.999000064,4085.78
466,2018-11-26 23:59:59.999000064,3862.2
467,2018-11-27 23:59:59.999000064,3875.21
468,2018-11-28 23:59:59.999000064,4264.85
469,2018-11-29 23:59:59.999000064,4295.84
470,2018-11-30 23:59:59.999000064,4041.32
471,2018-12-01 23:59:59.999000064,4190.02
472,2018-12-02 23:59:59.999000064,4161.01
473,2018-12-03 23:59:59.999000064,3884.01
474,2018-12-04 23:59:59.999000064,3951.64
475,2018-12-05 23:59:59.999000064,3769.84
476,2018-12-06 23:59:59.999000064,3508.75
477,2018-12-07 23:59:59.999000064,3403.55
478,2018-12-08 23:59:59.999000064,3410.93
479,2018-12-09 23:59:59.999000064,3545.37
480,2018-12-10 23:59:59.999000064,3432.88
481,2018-12-11 23:59:59.999000064,3380.39
482,2018-12-12 23:59:59.999000064,3445.0
483,2018-12-13 23:59:59.999000064,3302.06
484,2018-12-14 23:59:59.999000064,3224.17
485,2018-12-15 23:59:59.999000064,3211.72
486,2018-12-16 23:59:59.999000064,3228.67
487,2018-12-17 23:59:59.999000064,3509.08
488,2018-12-18 23:59:59.999000064,3652.98
489,2018-12-19 23:59:59.999000064,3662.22
490,2018-12-20 23:59:59.999000064,4049.62
491,2018-12-21 23:59:59.999000064,3838.66
492,2018-12-22 23:59:59.999000064,3948.91
493,2018-12-23 23:59:59.999000064,3929.71
494,2018-12-24 23:59:59.999000064,4008.01
495,2018-12-25 23:59:59.999000064,3745.79
496,2018-12-26 23:59:59.999000064,3777.74
497,2018-12-27 23:59:59.999000064,3567.91
498,2018-12-28 23:59:59.999000064,3839.26
499,2018-12-29 23:59:59.999000064,3695.32
500,2018-12-30 23:59:59.999000064,3801.91
501,2018-12-31 23:59:59.999000064,3702.9
502,2019-01-01 23:59:59.999000064,3797.14
503,2019-01-02 23:59:59.999000064,3858.56
504,2019-01-03 23:59:59.999000064,3766.78
505,2019-01-04 23:59:59.999000064,3792.01
506,2019-01-05 23:59:59.999000064,3770.96
507,2019-01-06 23:59:59.999000064,3987.6
508,2019-01-07 23:59:59.999000064,3975.45
509,2019-01-08 23:59:59.999000064,3955.13
510,2019-01-09 23:59:59.999000064,3966.65
511,2019-01-10 23:59:59.999000064,3585.88
512,2019-01-11 23:59:59.999000064,3601.31
513,2019-01-12 23:59:59.999000064,3583.13
514,2019-01-13 23:59:59.999000064,3476.81
515,2019-01-14 23:59:59.999000064,3626.09
516,2019-01-15 23:59:59.999000064,3553.06
517,2019-01-16 23:59:59.999000064,3591.84
518,2019-01-17 23:59:59.999000064,3616.21
519,2019-01-18 23:59:59.999000064,3594.87
520,2019-01-19 23:59:59.999000064,3665.3
521,2019-01-20 23:59:59.999000064,3539.28
522,2019-01-21 23:59:59.999000064,3526.9
523,2019-01-22 23:59:59.999000064,3570.93
524,2019-01-23 23:59:59.999000064,3552.82
525,2019-01-24 23:59:59.999000064,3569.62
526,2019-01-25 23:59:59.999000064,3565.29
527,2019-01-26 23:59:59.999000064,3565.25
528,2019-01-27 23:59:59.999000064,3550.84
529,2019-01-28 23:59:59.999000064,3434.15
530,2019-01-29 23:59:59.999000064,3411.04
531,2019-01-30 23:59:59.999000064,3458.18
532,2019-01-31 23:59:59.999000064,3434.1
533,2019-02-01 23:59:59.999000064,3462.07
534,2019-02-02 23:59:59.999000064,3504.77
535,2019-02-03 23:59:59.999000064,3458.11
536,2019-02-04 23:59:59.999000064,3463.22
537,2019-02-05 23:59:59.999000064,3471.59
538,2019-02-06 23:59:59.999000064,3405.37
539,2019-02-07 23:59:59.999000064,3398.4
540,2019-02-08 23:59:59.999000064,3659.04
541,2019-02-09 23:59:59.999000064,3665.18
542,2019-02-10 23:59:59.999000064,3680.06
543,2019-02-11 23:59:59.999000064,3631.05
544,2019-02-12 23:59:59.999000064,3631.46
545,2019-02-13 23:59:59.999000064,3609.4
546,2019-02-14 23:59:59.999000064,3590.56
547,2019-02-15 23:59:59.999000064,3602.47
548,2019-02-16 23:59:59.999000064,3618.41
549,2019-02-17 23:59:59.999000064,3667.58
550,2019-02-18 23:59:59.999000064,3898.6
551,2019-02-19 23:59:59.999000064,3907.79
552,2019-02-20 23:59:59.999000064,3969.74
553,2019-02-21 23:59:59.999000064,3937.31
554,2019-02-22 23:59:59.999000064,3962.0
555,2019-02-23 23:59:59.999000064,4117.76
556,2019-02-24 23:59:59.999000064,3743.56
557,2019-02-25 23:59:59.999000064,3827.92
558,2019-02-26 23:59:59.999000064,3809.23
559,2019-02-27 23:59:59.999000064,3818.07
560,2019-02-28 23:59:59.999000064,3813.69
561,2019-03-01 23:59:59.999000064,3823.0
562,2019-03-02 23:59:59.999000064,3819.93
563,2019-03-03 23:59:59.999000064,3807.75
564,2019-03-04 23:59:59.999000064,3715.3
565,2019-03-05 23:59:59.999000064,3857.73
566,2019-03-06 23:59:59.999000064,3861.84
567,2019-03-07 23:59:59.999000064,3873.64
568,2019-03-08 23:59:59.999000064,3864.89
569,2019-03-09 23:59:59.999000064,3943.04
570,2019-03-10 23:59:59.999000064,3916.82
571,2019-03-11 23:59:59.999000064,3871.61
572,2019-03-12 23:59:59.999000064,3882.73
573,2019-03-13 23:59:59.999000064,3866.0
574,2019-03-14 23:59:59.999000064,3877.12
575,2019-03-15 23:59:59.999000064,3923.76
576,2019-03-16 23:59:59.999000064,4005.98
577,2019-03-17 23:59:59.999000064,3981.14
578,2019-03-18 23:59:59.999000064,3987.81
579,2019-03-19 23:59:59.999000064,4015.53
580,2019-03-20 23:59:59.999000064,4043.04
581,2019-03-21 23:59:59.999000064,3980.64
582,2019-03-22 23:59:59.999000064,3986.93
583,2019-03-23 23:59:59.999000064,4006.01
584,2019-03-24 23:59:59.999000064,3992.18
585,2019-03-25 23:59:59.999000064,3936.12
586,2019-03-26 23:59:59.999000064,3948.55
587,2019-03-27 23:59:59.999000064,4038.05
588,2019-03-28 23:59:59.999000064,4027.81
589,2019-03-29 23:59:59.999000064,4103.25
590,2019-03-30 23:59:59.999000064,4106.97
591,2019-03-31 23:59:59.999000064,4103.95
592,2019-04-01 23:59:59.999000064,4144.56
593,2019-04-02 23:59:59.999000064,4857.29
594,2019-04-03 23:59:59.999000064,4932.6
595,2019-04-04 23:59:59.999000064,4898.66
596,2019-04-05 23:59:59.999000064,5004.95
597,2019-04-06 23:59:59.999000064,5043.89
598,2019-04-07 23:59:59.999000064,5170.27
599,2019-04-08 23:59:59.999000064,5236.9
600,2019-04-09 23:59:59.999000064,5150.0
601,2019-04-10 23:59:59.999000064,5308.25
602,2019-04-11 23:59:59.999000064,5017.37
603,2019-04-12 23:59:59.999000064,5048.01
604,2019-04-13 23:59:59.999000064,5045.22
605,2019-04-14 23:59:59.999000064,5131.3
606,2019-04-15 23:59:59.999000064,5024.95
607,2019-04-16 23:59:59.999000064,5173.72
608,2019-04-17 23:59:59.999000064,5202.82
609,2019-04-18 23:59:59.999000064,5258.44
610,2019-04-19 23:59:59.999000064,5258.68
611,2019-04-20 23:59:59.999000064,5291.73
612,2019-04-21 23:59:59.999000064,5256.14
613,2019-04-22 23:59:59.999000064,5357.14
614,2019-04-23 23:59:59.999000064,5493.31
615,2019-04-24 23:59:59.999000064,5415.0
616,2019-04-25 23:59:59.999000064,5219.9
617,2019-04-26 23:59:59.999000064,5314.1
618,2019-04-27 23:59:59.999000064,5295.69
619,2019-04-28 23:59:59.999000064,5307.52
620,2019-04-29 23:59:59.999000064,5238.14
621,2019-04-30 23:59:59.999000064,5320.81
622,2019-05-01 23:59:59.999000064,5383.2
623,2019-05-02 23:59:59.999000064,5492.87
624,2019-05-03 23:59:59.999000064,5772.69
625,2019-05-04 23:59:59.999000064,5829.45
626,2019-05-05 23:59:59.999000064,5775.62
627,2019-05-06 23:59:59.999000064,5747.79
628,2019-05-07 23:59:59.999000064,5846.34
629,2019-05-08 23:59:59.999000064,5987.29
630,2019-05-09 23:59:59.999000064,6209.18
631,2019-05-10 23:59:59.999000064,6373.33
632,2019-05-11 23:59:59.999000064,7076.22
633,2019-05-12 23:59:59.999000064,6967.31
634,2019-05-13 23:59:59.999000064,7790.71
635,2019-05-14 23:59:59.999000064,7947.56
636,2019-05-15 23:59:59.999000064,8169.87
637,2019-05-16 23:59:59.999000064,7866.59
638,2019-05-17 23:59:59.999000064,7355.26
639,2019-05-18 23:59:59.999000064,7257.45
640,2019-05-19 23:59:59.999000064,8148.48
641,2019-05-20 23:59:59.999000064,7938.15
642,2019-05-21 23:59:59.999000064,7904.87
643,2019-05-22 23:59:59.999000064,7628.43
644,2019-05-23 23:59:59.999000064,7851.51
645,2019-05-24 23:59:59.999000064,7964.87
646,2019-05-25 23:59:59.999000064,8025.41
647,2019-05-26 23:59:59.999000064,8614.43
648,2019-05-27 23:59:59.999000064,8756.32
649,2019-05-28 23:59:59.999000064,8715.64
650,2019-05-29 23:59:59.999000064,8645.68
651,2019-05-30 23:59:59.999000064,8269.54
652,2019-05-31 23:59:59.999000064,8555.0
653,2019-06-01 23:59:59.999000064,8544.07
654,2019-06-02 23:59:59.999000064,8725.98
655,2019-06-03 23:59:59.999000064,8115.82
656,2019-06-04 23:59:59.999000064,7687.03
657,2019-06-05 23:59:59.999000064,7776.5
658,2019-06-06 23:59:59.999000064,7786.7
659,2019-06-07 23:59:59.999000064,7980.53
660,2019-06-08 23:59:59.999000064,7893.62
661,2019-06-09 23:59:59.999000064,7628.13
662,2019-06-10 23:59:59.999000064,7982.75
663,2019-06-11 23:59:59.999000064,7884.9
664,2019-06-12 23:59:59.999000064,8127.64
665,2019-06-13 23:59:59.999000064,8218.54
666,2019-06-14 23:59:59.999000064,8650.0
667,2019-06-15 23:59:59.999000064,8808.7
668,2019-06-16 23:59:59.999000064,8953.33
669,2019-06-17 23:59:59.999000064,9313.96
670,2019-06-18 23:59:59.999000064,9081.55
671,2019-06-19 23:59:59.999000064,9255.49
672,2019-06-20 23:59:59.999000064,9517.12
673,2019-06-21 23:59:59.999000064,10159.86
674,2019-06-22 23:59:59.999000064,10729.5
675,2019-06-23 23:59:59.999000064,10906.07
676,2019-06-24 23:59:59.999000064,11056.59
677,2019-06-25 23:59:59.999000064,11820.86
678,2019-06-26 23:59:59.999000064,13093.8
679,2019-06-27 23:59:59.999000064,11329.99
680,2019-06-28 23:59:59.999000064,12400.63
681,2019-06-29 23:59:59.999000064,11903.13
682,2019-06-30 23:59:59.999000064,10854.1
683,2019-07-01 23:59:59.999000064,10624.93
684,2019-07-02 23:59:59.999000064,10842.85
685,2019-07-03 23:59:59.999000064,11940.0
686,2019-07-04 23:59:59.999000064,11145.67
687,2019-07-05 23:59:59.999000064,10970.73
688,2019-07-06 23:59:59.999000064,11256.49
689,2019-07-07 23:59:59.999000064,11406.24
690,2019-07-08 23:59:59.999000064,12238.6
691,2019-07-09 23:59:59.999000064,12543.41
692,2019-07-10 23:59:59.999000064,12108.37
693,2019-07-11 23:59:59.999000064,11342.89
694,2019-07-12 23:59:59.999000064,11757.22
695,2019-07-13 23:59:59.999000064,11355.76
696,2019-07-14 23:59:59.999000064,10174.18
697,2019-07-15 23:59:59.999000064,10838.72
698,2019-07-16 23:59:59.999000064,9439.59
699,2019-07-17 23:59:59.999000064,9667.92
700,2019-07-18 23:59:59.999000064,10627.16
701,2019-07-19 23:59:59.999000064,10504.29
702,2019-07-20 23:59:59.999000064,10740.23
703,2019-07-21 23:59:59.999000064,10589.45
704,2019-07-22 23:59:59.999000064,10340.31
705,2019-07-23 23:59:59.999000064,9864.91
706,2019-07-24 23:59:59.999000064,9763.28
707,2019-07-25 23:59:59.999000064,9879.87
708,2019-07-26 23:59:59.999000064,9824.0
709,2019-07-27 23:59:59.999000064,9476.52
710,2019-07-28 23:59:59.999000064,9541.54
711,2019-07-29 23:59:59.999000064,9507.64
712,2019-07-30 23:59:59.999000064,9574.21
713,2019-07-31 23:59:59.999000064,10080.53
714,2019-08-01 23:59:59.999000064,10374.99
715,2019-08-02 23:59:59.999000064,10523.75
716,2019-08-03 23:59:59.999000064,10816.86
717,2019-08-04 23:59:59.999000064,10929.23
718,2019-08-05 23:59:59.999000064,11828.8
719,2019-08-06 23:59:59.999000064,11481.69
720,2019-08-07 23:59:59.999000064,11975.03
721,2019-08-08 23:59:59.999000064,11999.77
722,2019-08-09 23:59:59.999000064,11879.99
723,2019-08-10 23:59:59.999000064,11309.31
724,2019-08-11 23:59:59.999000064,11549.97
725,2019-08-12 23:59:59.999000064,11396.08
726,2019-08-13 23:59:59.999000064,10892.71
727,2019-08-14 23:59:59.999000064,10050.37
728,2019-08-15 23:59:59.999000064,10293.93
729,2019-08-16 23:59:59.999000064,10331.54
730,2019-08-17 23:59:59.999000064,10216.02
731,2019-08-18 23:59:59.999000064,10306.78
732,2019-08-19 23:59:59.999000064,10915.54
733,2019-08-20 23:59:59.999000064,10760.51
734,2019-08-21 23:59:59.999000064,10142.57
735,2019-08-22 23:59:59.999000064,10099.88
736,2019-08-23 23:59:59.999000064,10389.55
737,2019-08-24 23:59:59.999000064,10134.35
738,2019-08-25 23:59:59.999000064,10142.69
739,2019-08-26 23:59:59.999000064,10372.25
740,2019-08-27 23:59:59.999000064,10185.05
741,2019-08-28 23:59:59.999000064,9721.0
742,2019-08-29 23:59:59.999000064,9498.44
743,2019-08-30 23:59:59.999000064,9584.54
744,2019-08-31 23:59:59.999000064,9587.47
745,2019-09-01 23:59:59.999000064,9724.98
746,2019-09-02 23:59:59.999000064,10340.0
747,2019-09-03 23:59:59.999000064,10615.28
748,2019-09-04 23:59:59.999000064,10567.02
749,2019-09-05 23:59:59.999000064,10564.49
750,2019-09-06 23:59:59.999000064,10298.73
751,2019-09-07 23:59:59.999000064,10455.88
752,2019-09-08 23:59:59.999000064,10381.18
753,2019-09-09 23:59:59.999000064,10303.12
754,2019-09-10 23:59:59.999000064,10098.15
755,2019-09-11 23:59:59.999000064,10158.33
756,2019-09-12 23:59:59.999000064,10415.01
757,2019-09-13 23:59:59.999000064,10342.06
758,2019-09-14 23:59:59.999000064,10335.02
759,2019-09-15 23:59:59.999000064,10302.01
760,2019-09-16 23:59:59.999000064,10251.31
761,2019-09-17 23:59:59.999000064,10187.82
762,2019-09-18 23:59:59.999000064,10156.99
763,2019-09-19 23:59:59.999000064,10244.29
764,2019-09-20 23:59:59.999000064,10168.59
765,2019-09-21 23:59:59.999000064,9986.39
766,2019-09-22 23:59:59.999000064,10028.87
767,2019-09-23 23:59:59.999000064,9702.25
768,2019-09-24 23:59:59.999000064,8493.14
769,2019-09-25 23:59:59.999000064,8430.05
770,2019-09-26 23:59:59.999000064,8063.73
771,2019-09-27 23:59:59.999000064,8177.91
772,2019-09-28 23:59:59.999000064,8198.81
773,2019-09-29 23:59:59.999000064,8043.82
774,2019-09-30 23:59:59.999000064,8289.34
775,2019-10-01 23:59:59.999000064,8292.44
776,2019-10-02 23:59:59.999000064,8359.94
777,2019-10-03 23:59:59.999000064,8223.96
778,2019-10-04 23:59:59.999000064,8137.13
779,2019-10-05 23:59:59.999000064,8126.19
780,2019-10-06 23:59:59.999000064,7854.25
781,2019-10-07 23:59:59.999000064,8190.09
782,2019-10-08 23:59:59.999000064,8168.39
783,2019-10-09 23:59:59.999000064,8560.74
784,2019-10-10 23:59:59.999000064,8558.03
785,2019-10-11 23:59:59.999000064,8258.5
786,2019-10-12 23:59:59.999000064,8300.09
787,2019-10-13 23:59:59.999000064,8275.01
788,2019-10-14 23:59:59.999000064,8348.2
789,2019-10-15 23:59:59.999000064,8159.29
790,2019-10-16 23:59:59.999000064,7991.74
791,2019-10-17 23:59:59.999000064,8070.58
792,2019-10-18 23:59:59.999000064,7947.01
793,2019-10-19 23:59:59.999000064,7948.01
794,2019-10-20 23:59:59.999000064,8223.35
795,2019-10-21 23:59:59.999000064,8197.27
796,2019-10-22 23:59:59.999000064,8020.0
797,2019-10-23 23:59:59.999000064,7466.62
798,2019-10-24 23:59:59.999000064,7412.41
799,2019-10-25 23:59:59.999000064,8655.02
800,2019-10-26 23:59:59.999000064,9230.0
801,2019-10-27 23:59:59.999000064,9529.93
802,2019-10-28 23:59:59.999000064,9205.14
803,2019-10-29 23:59:59.999000064,9407.62
804,2019-10-30 23:59:59.999000064,9154.72
805,2019-10-31 23:59:59.999000064,9140.85
806,2019-11-01 23:59:59.999000064,9231.61
807,2019-11-02 23:59:59.999000064,9289.52
808,2019-11-03 23:59:59.999000064,9194.71
809,2019-11-04 23:59:59.999000064,9393.35
810,2019-11-05 23:59:59.999000064,9308.66
811,2019-11-06 23:59:59.999000064,9339.05
812,2019-11-07 23:59:59.999000064,9216.2
813,2019-11-08 23:59:59.999000064,8773.73
814,2019-11-09 23:59:59.999000064,8809.41
815,2019-11-10 23:59:59.999000064,9039.47
816,2019-11-11 23:59:59.999000064,8733.27
817,2019-11-12 23:59:59.999000064,8821.94
818,2019-11-13 23:59:59.999000064,8777.12
819,2019-11-14 23:59:59.999000064,8646.68
820,2019-11-15 23:59:59.999000064,8471.73
821,2019-11-16 23:59:59.999000064,8491.02
822,2019-11-17 23:59:59.999000064,8502.4
823,2019-11-18 23:59:59.999000064,8187.17
824,2019-11-19 23:59:59.999000064,8133.64
825,2019-11-20 23:59:59.999000064,8098.01
826,2019-11-21 23:59:59.999000064,7627.74
827,2019-11-22 23:59:59.999000064,7268.23
828,2019-11-23 23:59:59.999000064,7311.57
829,2019-11-24 23:59:59.999000064,6903.28
830,2019-11-25 23:59:59.999000064,7109.57
831,2019-11-26 23:59:59.999000064,7156.14
832,2019-11-27 23:59:59.999000064,7508.52
833,2019-11-28 23:59:59.999000064,7419.49
834,2019-11-29 23:59:59.999000064,7739.68
835,2019-11-30 23:59:59.999000064,7541.89
836,2019-12-01 23:59:59.999000064,7390.89
837,2019-12-02 23:59:59.999000064,7294.28
838,2019-12-03 23:59:59.999000064,7292.71
839,2019-12-04 23:59:59.999000064,7194.32
840,2019-12-05 23:59:59.999000064,7389.0
841,2019-12-06 23:59:59.999000064,7527.47
842,2019-12-07 23:59:59.999000064,7488.21
843,2019-12-08 23:59:59.999000064,7510.11
844,2019-12-09 23:59:59.999000064,7338.64
845,2019-12-10 23:59:59.999000064,7224.13
846,2019-12-11 23:59:59.999000064,7210.0
847,2019-12-12 23:59:59.999000064,7198.08
848,2019-12-13 23:59:59.999000064,7258.48
849,2019-12-14 23:59:59.999000064,7064.05
850,2019-12-15 23:59:59.999000064,7118.59
851,2019-12-16 23:59:59.999000064,6891.72
852,2019-12-17 23:59:59.999000064,6623.82
853,2019-12-18 23:59:59.999000064,7277.83
854,2019-12-19 23:59:59.999000064,7150.3
855,2019-12-20 23:59:59.999000064,7187.83
856,2019-12-21 23:59:59.999000064,7132.75
857,2019-12-22 23:59:59.999000064,7501.44
858,2019-12-23 23:59:59.999000064,7317.09
859,2019-12-24 23:59:59.999000064,7255.77
860,2019-12-25 23:59:59.999000064,7204.63
861,2019-12-26 23:59:59.999000064,7202.0
862,2019-12-27 23:59:59.999000064,7254.74
863,2019-12-28 23:59:59.999000064,7316.14
864,2019-12-29 23:59:59.999000064,7388.24
865,2019-12-30 23:59:59.999000064,7246.0
866,2019-12-31 23:59:59.999000064,7195.23
867,2020-01-01 23:59:59.999000064,7200.85
868,2020-01-02 23:59:59.999000064,6965.71
869,2020-01-03 23:59:59.999000064,7344.96
870,2020-01-04 23:59:59.999000064,7354.11
871,2020-01-05 23:59:59.999000064,7358.75
872,2020-01-06 23:59:59.999000064,7758.0
873,2020-01-07 23:59:59.999000064,8145.28
874,2020-01-08 23:59:59.999000064,8055.98
875,2020-01-09 23:59:59.999000064,7817.76
876,2020-01-10 23:59:59.999000064,8197.02
877,2020-01-11 23:59:59.999000064,8020.01
878,2020-01-12 23:59:59.999000064,8184.98
879,2020-01-13 23:59:59.999000064,8110.34
880,2020-01-14 23:59:59.999000064,8810.01
881,2020-01-15 23:59:59.999000064,8821.41
882,2020-01-16 23:59:59.999000064,8720.01
883,2020-01-17 23:59:59.999000064,8913.28
884,2020-01-18 23:59:59.999000064,8915.96
885,2020-01-19 23:59:59.999000064,8701.7
886,2020-01-20 23:59:59.999000064,8642.35
887,2020-01-21 23:59:59.999000064,8736.03
888,2020-01-22 23:59:59.999000064,8682.36
889,2020-01-23 23:59:59.999000064,8404.52
890,2020-01-24 23:59:59.999000064,8439.0
891,2020-01-25 23:59:59.999000064,8340.58
892,2020-01-26 23:59:59.999000064,8615.0
893,2020-01-27 23:59:59.999000064,8907.57
894,2020-01-28 23:59:59.999000064,9374.21
895,2020-01-29 23:59:59.999000064,9301.53
896,2020-01-30 23:59:59.999000064,9513.21
897,2020-01-31 23:59:59.999000064,9352.89
898,2020-02-01 23:59:59.999000064,9384.61
899,2020-02-02 23:59:59.999000064,9331.51
900,2020-02-03 23:59:59.999000064,9292.24
901,2020-02-04 23:59:59.999000064,9197.02
902,2020-02-05 23:59:59.999000064,9612.04
903,2020-02-06 23:59:59.999000064,9772.0
904,2020-02-07 23:59:59.999000064,9813.73
905,2020-02-08 23:59:59.999000064,9895.05
906,2020-02-09 23:59:59.999000064,10151.75
907,2020-02-10 23:59:59.999000064,9851.83
908,2020-02-11 23:59:59.999000064,10223.08
909,2020-02-12 23:59:59.999000064,10326.46
910,2020-02-13 23:59:59.999000064,10229.63
911,2020-02-14 23:59:59.999000064,10344.36
912,2020-02-15 23:59:59.999000064,9904.72
913,2020-02-16 23:59:59.999000064,9917.27
914,2020-02-17 23:59:59.999000064,9706.0
915,2020-02-18 23:59:59.999000064,10164.71
916,2020-02-19 23:59:59.999000064,9593.79
917,2020-02-20 23:59:59.999000064,9596.42
918,2020-02-21 23:59:59.999000064,9677.05
919,2020-02-22 23:59:59.999000064,9650.86
920,2020-02-23 23:59:59.999000064,9936.4
921,2020-02-24 23:59:59.999000064,9656.13
922,2020-02-25 23:59:59.999000064,9315.84
923,2020-02-26 23:59:59.999000064,8785.25
924,2020-02-27 23:59:59.999000064,8823.21
925,2020-02-28 23:59:59.999000064,8692.91
926,2020-02-29 23:59:59.999000064,8523.61
927,2020-03-01 23:59:59.999000064,8531.88
928,2020-03-02 23:59:59.999000064,8915.24
929,2020-03-03 23:59:59.999000064,8760.07
930,2020-03-04 23:59:59.999000064,8750.87
931,2020-03-05 23:59:59.999000064,9054.68
932,2020-03-06 23:59:59.999000064,9131.88
933,2020-03-07 23:59:59.999000064,8886.66
934,2020-03-08 23:59:59.999000064,8033.31
935,2020-03-09 23:59:59.999000064,7929.87
936,2020-03-10 23:59:59.999000064,7894.56
937,2020-03-11 23:59:59.999000064,7934.52
938,2020-03-12 23:59:59.999000064,4800.0
939,2020-03-13 23:59:59.999000064,5578.6
940,2020-03-14 23:59:59.999000064,5172.06
941,2020-03-15 23:59:59.999000064,5361.3
942,2020-03-16 23:59:59.999000064,5028.97
943,2020-03-17 23:59:59.999000064,5312.64
944,2020-03-18 23:59:59.999000064,5393.04
945,2020-03-19 23:59:59.999000064,6162.37
946,2020-03-20 23:59:59.999000064,6208.36
947,2020-03-21 23:59:59.999000064,6186.98
948,2020-03-22 23:59:59.999000064,5816.19
949,2020-03-23 23:59:59.999000064,6467.31
950,2020-03-24 23:59:59.999000064,6744.72
951,2020-03-25 23:59:59.999000064,6677.43
952,2020-03-26 23:59:59.999000064,6737.36
953,2020-03-27 23:59:59.999000064,6359.11
954,2020-03-28 23:59:59.999000064,6236.65
955,2020-03-29 23:59:59.999000064,5881.42
956,2020-03-30 23:59:59.999000064,6394.38
957,2020-03-31 23:59:59.999000064,6410.44
958,2020-04-01 23:59:59.999000064,6642.92
959,2020-04-02 23:59:59.999000064,6794.09
960,2020-04-03 23:59:59.999000064,6734.1
961,2020-04-04 23:59:59.999000064,6856.99
962,2020-04-05 23:59:59.999000064,6772.78
963,2020-04-06 23:59:59.999000064,7329.9
964,2020-04-07 23:59:59.999000064,7197.32
965,2020-04-08 23:59:59.999000064,7361.28
966,2020-04-09 23:59:59.999000064,7283.54
967,2020-04-10 23:59:59.999000064,6858.92
968,2020-04-11 23:59:59.999000064,6876.83
969,2020-04-12 23:59:59.999000064,6903.79
970,2020-04-13 23:59:59.999000064,6837.91
971,2020-04-14 23:59:59.999000064,6868.7
972,2020-04-15 23:59:59.999000064,6621.24
973,2020-04-16 23:59:59.999000064,7101.94
974,2020-04-17 23:59:59.999000064,7027.55
975,2020-04-18 23:59:59.999000064,7248.6
976,2020-04-19 23:59:59.999000064,7120.74
977,2020-04-20 23:59:59.999000064,6826.83
978,2020-04-21 23:59:59.999000064,6841.37
979,2020-04-22 23:59:59.999000064,7125.14
980,2020-04-23 23:59:59.999000064,7482.39
981,2020-04-24 23:59:59.999000064,7505.0
982,2020-04-25 23:59:59.999000064,7538.67
983,2020-04-26 23:59:59.999000064,7693.1
984,2020-04-27 23:59:59.999000064,7774.62
985,2020-04-28 23:59:59.999000064,7738.98
986,2020-04-29 23:59:59.999000064,8778.57
987,2020-04-30 23:59:59.999000064,8620.0
988,2020-05-01 23:59:59.999000064,8826.96
989,2020-05-02 23:59:59.999000064,8972.05
990,2020-05-03 23:59:59.999000064,8894.16
991,2020-05-04 23:59:59.999000064,8871.96
992,2020-05-05 23:59:59.999000064,9021.83
993,2020-05-06 23:59:59.999000064,9142.92
994,2020-05-07 23:59:59.999000064,9986.4
995,2020-05-08 23:59:59.999000064,9800.01
996,2020-05-09 23:59:59.999000064,9539.4
997,2020-05-10 23:59:59.999000064,8722.77
998,2020-05-11 23:59:59.999000064,8561.52
999,2020-05-12 23:59:59.999000064,8810.79
1000,2020-05-13 23:59:59.999000064,9309.37
1001,2020-05-14 23:59:59.999000064,9791.98
1002,2020-05-15 23:59:59.999000064,9316.42
1003,2020-05-16 23:59:59.999000064,9381.27
1004,2020-05-17 23:59:59.999000064,9680.04
1005,2020-05-18 23:59:59.999000064,9733.93
1006,2020-05-19 23:59:59.999000064,9775.53
1007,2020-05-20 23:59:59.999000064,9511.43
1008,2020-05-21 23:59:59.999000064,9068.65
1009,2020-05-22 23:59:59.999000064,9170.0
1010,2020-05-23 23:59:59.999000064,9179.15
1011,2020-05-24 23:59:59.999000064,8720.34
1012,2020-05-25 23:59:59.999000064,8900.35
1013,2020-05-26 23:59:59.999000064,8841.18
1014,2020-05-27 23:59:59.999000064,9204.07
1015,2020-05-28 23:59:59.999000064,9575.89
1016,2020-05-29 23:59:59.999000064,9427.07
1017,2020-05-30 23:59:59.999000064,9697.72
1018,2020-05-31 23:59:59.999000064,9448.27
1019,2020-06-01 23:59:59.999000064,10200.77
1020,2020-06-02 23:59:59.999000064,9518.04
1021,2020-06-03 23:59:59.999000064,9666.24
1022,2020-06-04 23:59:59.999000064,9789.06
1023,2020-06-05 23:59:59.999000064,9621.16
1024,2020-06-06 23:59:59.999000064,9666.3
1025,2020-06-07 23:59:59.999000064,9746.99
1026,2020-06-08 23:59:59.999000064,9782.01
1027,2020-06-09 23:59:59.999000064,9772.43
1028,2020-06-10 23:59:59.999000064,9885.0
1029,2020-06-11 23:59:59.999000064,9280.4
1030,2020-06-12 23:59:59.999000064,9465.13
1031,2020-06-13 23:59:59.999000064,9473.34
1032,2020-06-14 23:59:59.999000064,9342.1
1033,2020-06-15 23:59:59.999000064,9426.02
1034,2020-06-16 23:59:59.999000064,9525.59
1035,2020-06-17 23:59:59.999000064,9465.14
1036,2020-06-18 23:59:59.999000064,9386.32
1037,2020-06-19 23:59:59.999000064,9310.23
1038,2020-06-20 23:59:59.999000064,9358.95
1039,2020-06-21 23:59:59.999000064,9294.69
1040,2020-06-22 23:59:59.999000064,9685.69
1041,2020-06-23 23:59:59.999000064,9624.89
1042,2020-06-24 23:59:59.999000064,9296.49
1043,2020-06-25 23:59:59.999000064,9249.49
1044,2020-06-26 23:59:59.999000064,9162.21
1045,2020-06-27 23:59:59.999000064,9012.0
1046,2020-06-28 23:59:59.999000064,9116.35
1047,2020-06-29 23:59:59.999000064,9192.56
1048,2020-06-30 23:59:59.999000064,9138.55
1049,2020-07-01 23:59:59.999000064,9232.0
1050,2020-07-02 23:59:59.999000064,9086.54
1051,2020-07-03 23:59:59.999000064,9058.26
1052,2020-07-04 23:59:59.999000064,9135.46
1053,2020-07-05 23:59:59.999000064,9069.41
1054,2020-07-06 23:59:59.999000064,9344.2
1055,2020-07-07 23:59:59.999000064,9257.39
1056,2020-07-08 23:59:59.999000064,9436.06
1057,2020-07-09 23:59:59.999000064,9232.43
1058,2020-07-10 23:59:59.999000064,9288.34
1059,2020-07-11 23:59:59.999000064,9234.03
1060,2020-07-12 23:59:59.999000064,9302.75
1061,2020-07-13 23:59:59.999000064,9242.62
1062,2020-07-14 23:59:59.999000064,9255.85
1063,2020-07-15 23:59:59.999000064,9197.6
1064,2020-07-16 23:59:59.999000064,9133.72
1065,2020-07-17 23:59:59.999000064,9154.32
1066,2020-07-18 23:59:59.999000064,9170.28
1067,2020-07-19 23:59:59.999000064,9208.99
1068,2020-07-20 23:59:59.999000064,9160.78
1069,2020-07-21 23:59:59.999000064,9390.0
1070,2020-07-22 23:59:59.999000064,9518.16
1071,2020-07-23 23:59:59.999000064,9603.27
1072,2020-07-24 23:59:59.999000064,9537.8
1073,2020-07-25 23:59:59.999000064,9700.42
1074,2020-07-26 23:59:59.999000064,9931.54
1075,2020-07-27 23:59:59.999000064,11029.96
1076,2020-07-28 23:59:59.999000064,10906.27
1077,2020-07-29 23:59:59.999000064,11100.53
1078,2020-07-30 23:59:59.999000064,11099.61
1079,2020-07-31 23:59:59.999000064,11335.46
1080,2020-08-01 23:59:59.999000064,11801.17
1081,2020-08-02 23:59:59.999000064,11071.35
1082,2020-08-03 23:59:59.999000064,11219.81
1083,2020-08-04 23:59:59.999000064,11191.97
1084,2020-08-05 23:59:59.999000064,11744.91
1085,2020-08-06 23:59:59.999000064,11762.46
1086,2020-08-07 23:59:59.999000064,11594.23
1087,2020-08-08 23:59:59.999000064,11761.41
1088,2020-08-09 23:59:59.999000064,11681.68
1089,2020-08-10 23:59:59.999000064,11892.92
1090,2020-08-11 23:59:59.999000064,11392.08
1091,2020-08-12 23:59:59.999000064,11564.33
1092,2020-08-13 23:59:59.999000064,11780.0
1093,2020-08-14 23:59:59.999000064,11760.54
1094,2020-08-15 23:59:59.999000064,11852.4
1095,2020-08-16 23:59:59.999000064,11911.0
1096,2020-08-17 23:59:59.999000064,12281.13
1097,2020-08-18 23:59:59.999000064,11945.01
1098,2020-08-19 23:59:59.999000064,11754.59
1099,2020-08-20 23:59:59.999000064,11853.55
1100,2020-08-21 23:59:59.999000064,11531.34
1101,2020-08-22 23:59:59.999000064,11662.96
1102,2020-08-23 23:59:59.999000064,11648.13
1103,2020-08-24 23:59:59.999000064,11748.2
1104,2020-08-25 23:59:59.999000064,11318.42
1105,2020-08-26 23:59:59.999000064,11461.43
1106,2020-08-27 23:59:59.999000064,11330.38
1107,2020-08-28 23:59:59.999000064,11526.91
1108,2020-08-29 23:59:59.999000064,11465.84
1109,2020-08-30 23:59:59.999000064,11711.16
1110,2020-08-31 23:59:59.999000064,11649.51
1111,2020-09-01 23:59:59.999000064,11921.97
1112,2020-09-02 23:59:59.999000064,11388.54
1113,2020-09-03 23:59:59.999000064,10140.85
1114,2020-09-04 23:59:59.999000064,10446.25
1115,2020-09-05 23:59:59.999000064,10166.69
1116,2020-09-06 23:59:59.999000064,10256.2
1117,2020-09-07 23:59:59.999000064,10373.44
1118,2020-09-08 23:59:59.999000064,10126.65
1119,2020-09-09 23:59:59.999000064,10219.2
1120,2020-09-10 23:59:59.999000064,10336.87
1121,2020-09-11 23:59:59.999000064,10387.89
1122,2020-09-12 23:59:59.999000064,10440.92
1123,2020-09-13 23:59:59.999000064,10332.83
1124,2020-09-14 23:59:59.999000064,10671.77
1125,2020-09-15 23:59:59.999000064,10785.31
1126,2020-09-16 23:59:59.999000064,10954.01
1127,2020-09-17 23:59:59.999000064,10939.99
1128,2020-09-18 23:59:59.999000064,10933.39
1129,2020-09-19 23:59:59.999000064,11080.65
1130,2020-09-20 23:59:59.999000064,10920.28
1131,2020-09-21 23:59:59.999000064,10417.22
1132,2020-09-22 23:59:59.999000064,10529.61
1133,2020-09-23 23:59:59.999000064,10241.46
1134,2020-09-24 23:59:59.999000064,10736.32
1135,2020-09-25 23:59:59.999000064,10686.67
1136,2020-09-26 23:59:59.999000064,10728.6
1137,2020-09-27 23:59:59.999000064,10774.25
1138,2020-09-28 23:59:59.999000064,10696.12
1139,2020-09-29 23:59:59.999000064,10840.48
1140,2020-09-30 23:59:59.999000064,10776.59
1141,2020-10-01 23:59:59.999000064,10619.13
1142,2020-10-02 23:59:59.999000064,10570.4
1143,2020-10-03 23:59:59.999000064,10542.06
1144,2020-10-04 23:59:59.999000064,10666.63
1145,2020-10-05 23:59:59.999000064,10792.21
1146,2020-10-06 23:59:59.999000064,10599.66
1147,2020-10-07 23:59:59.999000064,10666.39
1148,2020-10-08 23:59:59.999000064,10925.57
1149,2020-10-09 23:59:59.999000064,11050.64
1150,2020-10-10 23:59:59.999000064,11293.22
1151,2020-10-11 23:59:59.999000064,11369.02
1152,2020-10-12 23:59:59.999000064,11528.25
1153,2020-10-13 23:59:59.999000064,11420.56
1154,2020-10-14 23:59:59.999000064,11417.89
1155,2020-10-15 23:59:59.999000064,11505.12
1156,2020-10-16 23:59:59.999000064,11319.32
1157,2020-10-17 23:59:59.999000064,11360.2
1158,2020-10-18 23:59:59.999000064,11503.14
1159,2020-10-19 23:59:59.999000064,11751.47
1160,2020-10-20 23:59:59.999000064,11909.99
1161,2020-10-21 23:59:59.999000064,12780.96
1162,2020-10-22 23:59:59.999000064,12968.52
1163,2020-10-23 23:59:59.999000064,12923.07
1164,2020-10-24 23:59:59.999000064,13111.73
1165,2020-10-25 23:59:59.999000064,13028.83
1166,2020-10-26 23:59:59.999000064,13052.19
1167,2020-10-27 23:59:59.999000064,13636.17
1168,2020-10-28 23:59:59.999000064,13266.4
1169,2020-10-29 23:59:59.999000064,13455.7
1170,2020-10-30 23:59:59.999000064,13560.1
1171,2020-10-31 23:59:59.999000064,13791.0
1172,2020-11-01 23:59:59.999000064,13761.5
1173,2020-11-02 23:59:59.999000064,13549.37
1174,2020-11-03 23:59:59.999000064,14023.53
1175,2020-11-04 23:59:59.999000064,14144.01
1176,2020-11-05 23:59:59.999000064,15590.02
1177,2020-11-06 23:59:59.999000064,15579.92
1178,2020-11-07 23:59:59.999000064,14818.3
1179,2020-11-08 23:59:59.999000064,15475.1
1180,2020-11-09 23:59:59.999000064,15328.41
1181,2020-11-10 23:59:59.999000064,15297.21
1182,2020-11-11 23:59:59.999000064,15684.24
1183,2020-11-12 23:59:59.999000064,16291.86
1184,2020-11-13 23:59:59.999000064,16320.7
1185,2020-11-14 23:59:59.999000064,16070.45
1186,2020-11-15 23:59:59.999000064,15957.0
1187,2020-11-16 23:59:59.999000064,16713.57
1188,2020-11-17 23:59:59.999000064,17659.38
1189,2020-11-18 23:59:59.999000064,17776.12
1190,2020-11-19 23:59:59.999000064,17802.82
1191,2020-11-20 23:59:59.999000064,18655.67
1192,2020-11-21 23:59:59.999000064,18703.8
1193,2020-11-22 23:59:59.999000064,18414.43
1194,2020-11-23 23:59:59.999000064,18368.0
1195,2020-11-24 23:59:59.999000064,19160.01
1196,2020-11-25 23:59:59.999000064,18719.11
1197,2020-11-26 23:59:59.999000064,17149.47
1198,2020-11-27 23:59:59.999000064,17139.52
1199,2020-11-28 23:59:59.999000064,17719.85
1200,2020-11-29 23:59:59.999000064,18184.99
1201,2020-11-30 23:59:59.999000064,19695.87
1202,2020-12-01 23:59:59.999000064,18764.96
1203,2020-12-02 23:59:59.999000064,19204.09
1204,2020-12-03 23:59:59.999000064,19421.9
1205,2020-12-04 23:59:59.999000064,18650.52
1206,2020-12-05 23:59:59.999000064,19147.66
1207,2020-12-06 23:59:59.999000064,19359.4
1208,2020-12-07 23:59:59.999000064,19166.9
1209,2020-12-08 23:59:59.999000064,18324.11
1210,2020-12-09 23:59:59.999000064,18541.28
1211,2020-12-10 23:59:59.999000064,18254.63
1212,2020-12-11 23:59:59.999000064,18036.53
1213,2020-12-12 23:59:59.999000064,18808.69
1214,2020-12-13 23:59:59.999000064,19174.99
1215,2020-12-14 23:59:59.999000064,19273.14
1216,2020-12-15 23:59:59.999000064,19426.43
1217,2020-12-16 23:59:59.999000064,21335.52
1218,2020-12-17 23:59:59.999000064,22797.16
1219,2020-12-18 23:59:59.999000064,23107.39
1220,2020-12-19 23:59:59.999000064,23821.61
1221,2020-12-20 23:59:59.999000064,23455.52
1222,2020-12-21 23:59:59.999000064,22719.71
1223,2020-12-22 23:59:59.999000064,23810.79
1224,2020-12-23 23:59:59.999000064,23232.76
1225,2020-12-24 23:59:59.999000064,23729.2
1226,2020-12-25 23:59:59.999000064,24712.47
1227,2020-12-26 23:59:59.999000064,26493.39
1228,2020-12-27 23:59:59.999000064,26281.66
1229,2020-12-28 23:59:59.999000064,27079.41
1230,2020-12-29 23:59:59.999000064,27385.0
1231,2020-12-30 23:59:59.999000064,28875.54
1232,2020-12-31 23:59:59.999000064,28923.63
1233,2021-01-01 23:59:59.999000064,29331.69
1234,2021-01-02 23:59:59.999000064,32178.33
1235,2021-01-03 23:59:59.999000064,33000.05
1236,2021-01-04 23:59:59.999000064,31988.71
1237,2021-01-05 23:59:59.999000064,33949.53
1238,2021-01-06 23:59:59.999000064,36769.36
1239,2021-01-07 23:59:59.999000064,39432.28
1240,2021-01-08 23:59:59.999000064,40582.81
1241,2021-01-09 23:59:59.999000064,40088.22
1242,2021-01-10 23:59:59.999000064,38150.02
1243,2021-01-11 23:59:59.999000064,35404.47
1244,2021-01-12 23:59:59.999000064,34051.24
1245,2021-01-13 23:59:59.999000064,37371.38
1246,2021-01-14 23:59:59.999000064,39144.5
1247,2021-01-15 23:59:59.999000064,36742.22
1248,2021-01-16 23:59:59.999000064,35994.98
1249,2021-01-17 23:59:59.999000064,35828.61
1250,2021-01-18 23:59:59.999000064,36631.27
1251,2021-01-19 23:59:59.999000064,35891.49
1252,2021-01-20 23:59:59.999000064,35468.23
1253,2021-01-21 23:59:59.999000064,30850.13
1254,2021-01-22 23:59:59.999000064,32945.17
1255,2021-01-23 23:59:59.999000064,32078.0
1256,2021-01-24 23:59:59.999000064,32259.9
1257,2021-01-25 23:59:59.999000064,32254.2
1258,2021-01-26 23:59:59.999000064,32467.77
1259,2021-01-27 23:59:59.999000064,30366.15
1260,2021-01-28 23:59:59.999000064,33364.86
1261,2021-01-29 23:59:59.999000064,34252.2
1262,2021-01-30 23:59:59.999000064,34262.88
1263,2021-01-31 23:59:59.999000064,33092.98
1264,2021-02-01 23:59:59.999000064,33526.37
1265,2021-02-02 23:59:59.999000064,35466.24
1266,2021-02-03 23:59:59.999000064,37618.87
1267,2021-02-04 23:59:59.999000064,36936.66
1268,2021-02-05 23:59:59.999000064,38290.24
1269,2021-02-06 23:59:59.999000064,39186.94
1270,2021-02-07 23:59:59.999000064,38795.69
1271,2021-02-08 23:59:59.999000064,46374.87
1272,2021-02-09 23:59:59.999000064,46420.42
1273,2021-02-10 23:59:59.999000064,44807.58
1274,2021-02-11 23:59:59.999000064,47969.51
1275,2021-02-12 23:59:59.999000064,47287.6
1276,2021-02-13 23:59:59.999000064,47153.69
1277,2021-02-14 23:59:59.999000064,48577.79
1278,2021-02-15 23:59:59.999000064,47911.1
1279,2021-02-16 23:59:59.999000064,49133.45
1280,2021-02-17 23:59:59.999000064,52119.71
1281,2021-02-18 23:59:59.999000064,51552.6
1282,2021-02-19 23:59:59.999000064,55906.0
1283,2021-02-20 23:59:59.999000064,55841.19
1284,2021-02-21 23:59:59.999000064,57408.57
1285,2021-02-22 23:59:59.999000064,54087.67
1286,2021-02-23 23:59:59.999000064,48891.0
1287,2021-02-24 23:59:59.999000064,49676.2
1288,2021-02-25 23:59:59.999000064,47073.73
1289,2021-02-26 23:59:59.999000064,46276.87
1290,2021-02-27 23:59:59.999000064,46106.43
1291,2021-02-28 23:59:59.999000064,45135.66
1292,2021-03-01 23:59:59.999000064,49587.03
1293,2021-03-02 23:59:59.999000064,48440.65
1294,2021-03-03 23:59:59.999000064,50349.37
1295,2021-03-04 23:59:59.999000064,48374.09
1296,2021-03-05 23:59:59.999000064,48751.71
1297,2021-03-06 23:59:59.999000064,48882.2
1298,2021-03-07 23:59:59.999000064,50971.75
1299,2021-03-08 23:59:59.999000064,52375.17
1300,2021-03-09 23:59:59.999000064,54884.5
1301,2021-03-10 23:59:59.999000064,55851.59
1302,2021-03-11 23:59:59.999000064,57773.16
1303,2021-03-12 23:59:59.999000064,57221.72
1304,2021-03-13 23:59:59.999000064,61188.39
1305,2021-03-14 23:59:59.999000064,58968.31
1306,2021-03-15 23:59:59.999000064,55605.2
1307,2021-03-16 23:59:59.999000064,56900.75
1308,2021-03-17 23:59:59.999000064,58912.97
1309,2021-03-18 23:59:59.999000064,57648.16
1310,2021-03-19 23:59:59.999000064,58030.01
1311,2021-03-20 23:59:59.999000064,58102.28
1312,2021-03-21 23:59:59.999000064,57351.56
1313,2021-03-22 23:59:59.999000064,54083.25
1314,2021-03-23 23:59:59.999000064,54340.89
1315,2021-03-24 23:59:59.999000064,52303.65
1316,2021-03-25 23:59:59.999000064,51293.78
1317,2021-03-26 23:59:59.999000064,55025.59
1318,2021-03-27 23:59:59.999000064,55817.14
1319,2021-03-28 23:59:59.999000064,55777.63
1320,2021-03-29 23:59:59.999000064,57635.47
1321,2021-03-30 23:59:59.999000064,58746.57
1322,2021-03-31 23:59:59.999000064,58740.55
1323,2021-04-01 23:59:59.999000064,58720.44
1324,2021-04-02 23:59:59.999000064,58950.01
1325,2021-04-03 23:59:59.999000064,57051.94
1326,2021-04-04 23:59:59.999000064,58202.01
1327,2021-04-05 23:59:59.999000064,59129.99
1328,2021-04-06 23:59:59.999000064,57991.15
1329,2021-04-07 23:59:59.999000064,55953.45
1330,2021-04-08 23:59:59.999000064,58077.52
1331,2021-04-09 23:59:59.999000064,58142.54
1332,2021-04-10 23:59:59.999000064,59769.13
1333,2021-04-11 23:59:59.999000064,60002.43
1334,2021-04-12 23:59:59.999000064,59860.0
1335,2021-04-13 23:59:59.999000064,63575.0
1336,2021-04-14 23:59:59.999000064,62959.53
1337,2021-04-15 23:59:59.999000064,63159.98
1338,2021-04-16 23:59:59.999000064,61334.8
1339,2021-04-17 23:59:59.999000064,60006.66
1340,2021-04-18 23:59:59.999000064,56150.01
1341,2021-04-19 23:59:59.999000064,55633.14
1342,2021-04-20 23:59:59.999000064,56425.0
1343,2021-04-21 23:59:59.999000064,53787.63
1344,2021-04-22 23:59:59.999000064,51690.96
1345,2021-04-23 23:59:59.999000064,51125.14
1346,2021-04-24 23:59:59.999000064,50047.84
1347,2021-04-25 23:59:59.999000064,49066.77
1348,2021-04-26 23:59:59.999000064,54001.39
1349,2021-04-27 23:59:59.999000064,55011.97
1350,2021-04-28 23:59:59.999000064,54846.22
1351,2021-04-29 23:59:59.999000064,53555.0
1352,2021-04-30 23:59:59.999000064,57694.27
1353,2021-05-01 23:59:59.999000064,57800.37
1354,2021-05-02 23:59:59.999000064,56578.21
1355,2021-05-03 23:59:59.999000064,57169.39
1356,2021-05-04 23:59:59.999000064,53200.01
1357,2021-05-05 23:59:59.999000064,57436.11
1358,2021-05-06 23:59:59.999000064,56393.68
1359,2021-05-07 23:59:59.999000064,57314.75
1360,2021-05-08 23:59:59.999000064,58862.05
1361,2021-05-09 23:59:59.999000064,58240.84
1362,2021-05-10 23:59:59.999000064,55816.14
1363,2021-05-11 23:59:59.999000064,56670.02
1364,2021-05-12 23:59:59.999000064,49631.32
1365,2021-05-13 23:59:59.999000064,49670.97
1366,2021-05-14 23:59:59.999000064,49841.45
1367,2021-05-15 23:59:59.999000064,46762.99
1368,2021-05-16 23:59:59.999000064,46431.5
1369,2021-05-17 23:59:59.999000064,43538.04
1370,2021-05-18 23:59:59.999000064,42849.78
1371,2021-05-19 23:59:59.999000064,36690.09
1372,2021-05-20 23:59:59.999000064,40526.64
1373,2021-05-21 23:59:59.999000064,37252.01
1374,2021-05-22 23:59:59.999000064,37449.73
1375,2021-05-23 23:59:59.999000064,34655.25
1376,2021-05-24 23:59:59.999000064,38796.29
1377,2021-05-25 23:59:59.999000064,38324.72
1378,2021-05-26 23:59:59.999000064,39241.91
1379,2021-05-27 23:59:59.999000064,38529.98
1380,2021-05-28 23:59:59.999000064,35663.49
1381,2021-05-29 23:59:59.999000064,34605.15
1382,2021-05-30 23:59:59.999000064,35641.27
1383,2021-05-31 23:59:59.999000064,37253.81
1384,2021-06-01 23:59:59.999000064,36693.09
1385,2021-06-02 23:59:59.999000064,37568.68
1386,2021-06-03 23:59:59.999000064,39246.79
1387,2021-06-04 23:59:59.999000064,36829.0
1388,2021-06-05 23:59:59.999000064,35513.2
1389,2021-06-06 23:59:59.999000064,35796.31
1390,2021-06-07 23:59:59.999000064,33552.79
1391,2021-06-08 23:59:59.999000064,33380.81
1392,2021-06-09 23:59:59.999000064,37388.05
1393,2021-06-10 23:59:59.999000064,36675.72
1394,2021-06-11 23:59:59.999000064,37331.98
1395,2021-06-12 23:59:59.999000064,35546.11
1396,2021-06-13 23:59:59.999000064,39020.57
1397,2021-06-14 23:59:59.999000064,40516.29
1398,2021-06-15 23:59:59.999000064,40144.04
1399,2021-06-16 23:59:59.999000064,38349.01
1400,2021-06-17 23:59:59.999000064,38092.97
1401,2021-06-18 23:59:59.999000064,35819.84
1402,2021-06-19 23:59:59.999000064,35483.72
1403,2021-06-20 23:59:59.999000064,35600.16
1404,2021-06-21 23:59:59.999000064,31608.93
1405,2021-06-22 23:59:59.999000064,32509.56
1406,2021-06-23 23:59:59.999000064,33678.07
1407,2021-06-24 23:59:59.999000064,34663.09
1408,2021-06-25 23:59:59.999000064,31584.45
1409,2021-06-26 23:59:59.999000064,32283.65
1410,2021-06-27 23:59:59.999000064,34700.34
1411,2021-06-28 23:59:59.999000064,34494.89
1412,2021-06-29 23:59:59.999000064,35911.73
1413,2021-06-30 23:59:59.999000064,35045.0
1414,2021-07-01 23:59:59.999000064,33504.69
1415,2021-07-02 23:59:59.999000064,33786.55
1416,2021-07-03 23:59:59.999000064,34669.13
1417,2021-07-04 23:59:59.999000064,35286.51
1418,2021-07-05 23:59:59.999000064,33690.14
1419,2021-07-06 23:59:59.999000064,34220.01
1420,2021-07-07 23:59:59.999000064,33862.12
1421,2021-07-08 23:59:59.999000064,32875.71
1422,2021-07-09 23:59:59.999000064,33815.81
1423,2021-07-10 23:59:59.999000064,33502.87
1424,2021-07-11 23:59:59.999000064,34258.99
1425,2021-07-12 23:59:59.999000064,33086.63
1426,2021-07-13 23:59:59.999000064,32729.77
1427,2021-07-14 23:59:59.999000064,32820.02
1428,2021-07-15 23:59:59.999000064,31880.0
1429,2021-07-16 23:59:59.999000064,31383.87
1430,2021-07-17 23:59:59.999000064,31520.07
1431,2021-07-18 23:59:59.999000064,31778.56
1432,2021-07-19 23:59:59.999000064,30839.65
1433,2021-07-20 23:59:59.999000064,29790.35
1434,2021-07-21 23:59:59.999000064,32144.51
1435,2021-07-22 23:59:59.999000064,32287.83
1436,2021-07-23 23:59:59.999000064,33634.09
1437,2021-07-24 23:59:59.999000064,34258.14
1438,2021-07-25 23:59:59.999000064,35381.02
1439,2021-07-26 23:59:59.999000064,37237.6
1440,2021-07-27 23:59:59.999000064,39457.87
1441,2021-07-28 23:59:59.999000064,40019.56
1442,2021-07-29 23:59:59.999000064,40016.48
1443,2021-07-30 23:59:59.999000064,42206.37
1444,2021-07-31 23:59:59.999000064,41461.83
1445,2021-08-01 23:59:59.999000064,39845.44
1446,2021-08-02 23:59:59.999000064,39147.82
1447,2021-08-03 23:59:59.999000064,38207.05
1448,2021-08-04 23:59:59.999000064,39723.18
1449,2021-08-05 23:59:59.999000064,40862.46
1450,2021-08-06 23:59:59.999000064,42836.87
1451,2021-08-07 23:59:59.999000064,44572.54
1452,2021-08-08 23:59:59.999000064,43794.37
1453,2021-08-09 23:59:59.999000064,46253.4
1454,2021-08-10 23:59:59.999000064,45584.99
1455,2021-08-11 23:59:59.999000064,45511.0
1456,2021-08-12 23:59:59.999000064,44399.0
1457,2021-08-13 23:59:59.999000064,47800.0
1458,2021-08-14 23:59:59.999000064,47068.51
1459,2021-08-15 23:59:59.999000064,46973.82
1460,2021-08-16 23:59:59.999000064,45901.29
1461,2021-08-17 23:59:59.999000064,44695.95
1462,2021-08-18 23:59:59.999000064,44705.29
1463,2021-08-19 23:59:59.999000064,46760.62
1464,2021-08-20 23:59:59.999000064,49322.47
1465,2021-08-21 23:59:59.999000064,48821.87
1466,2021-08-22 23:59:59.999000064,49239.22
1467,2021-08-23 23:59:59.999000064,49488.85
1468,2021-08-24 23:59:59.999000064,47674.01
1469,2021-08-25 23:59:59.999000064,48973.32
1470,2021-08-26 23:59:59.999000064,46843.87
1471,2021-08-27 23:59:59.999000064,49069.9
1472,2021-08-28 23:59:59.999000064,48895.35
1473,2021-08-29 23:59:59.999000064,48767.83
1474,2021-08-30 23:59:59.999000064,46982.91
1475,2021-08-31 23:59:59.999000064,47100.89
1476,2021-09-01 23:59:59.999000064,48810.52
1477,2021-09-02 23:59:59.999000064,49246.64
1478,2021-09-03 23:59:59.999000064,49999.14
1479,2021-09-04 23:59:59.999000064,49915.64
1480,2021-09-05 23:59:59.999000064,51756.88
1481,2021-09-06 23:59:59.999000064,52663.9
1482,2021-09-07 23:59:59.999000064,46863.73
1483,2021-09-08 23:59:59.999000064,46048.31
1484,2021-09-09 23:59:59.999000064,46395.14
1485,2021-09-10 23:59:59.999000064,44850.91
1486,2021-09-11 23:59:59.999000064,45173.69
1487,2021-09-12 23:59:59.999000064,46025.24
1488,2021-09-13 23:59:59.999000064,44940.73
1489,2021-09-14 23:59:59.999000064,47111.52
1490,2021-09-15 23:59:59.999000064,48121.41
1491,2021-09-16 23:59:59.999000064,47737.82
1492,2021-09-17 23:59:59.999000064,47299.98
1493,2021-09-18 23:59:59.999000064,48292.74
1494,2021-09-19 23:59:59.999000064,47241.75
1495,2021-09-20 23:59:59.999000064,43015.62
1496,2021-09-21 23:59:59.999000064,40734.38
1497,2021-09-22 23:59:59.999000064,43543.61
1498,2021-09-23 23:59:59.999000064,44865.26
1499,2021-09-24 23:59:59.999000064,42810.57
1500,2021-09-25 23:59:59.999000064,42670.64
1501,2021-09-26 23:59:59.999000064,43160.9
1502,2021-09-27 23:59:59.999000064,42147.35
1503,2021-09-28 23:59:59.999000064,41026.54
1504,2021-09-29 23:59:59.999000064,41524.28
1505,2021-09-30 23:59:59.999000064,43824.1
1506,2021-10-01 23:59:59.999000064,48141.61
1507,2021-10-02 23:59:59.999000064,47634.9
1508,2021-10-03 23:59:59.999000064,48200.01
1509,2021-10-04 23:59:59.999000064,49224.94
1510,2021-10-05 23:59:59.999000064,51471.99
1511,2021-10-06 23:59:59.999000064,55315.0
1512,2021-10-07 23:59:59.999000064,53785.22
1513,2021-10-08 23:59:59.999000064,53951.43
1514,2021-10-09 23:59:59.999000064,54949.72
1515,2021-10-10 23:59:59.999000064,54659.0
1516,2021-10-11 23:59:59.999000064,57471.35
1517,2021-10-12 23:59:59.999000064,55996.93
1518,2021-10-13 23:59:59.999000064,57367.0
1519,2021-10-14 23:59:59.999000064,57347.94
1520,2021-10-15 23:59:59.999000064,61672.42
1521,2021-10-16 23:59:59.999000064,60875.57
1522,2021-10-17 23:59:59.999000064,61528.33
1523,2021-10-18 23:59:59.999000064,62009.84
1524,2021-10-19 23:59:59.999000064,64280.59
1525,2021-10-20 23:59:59.999000064,66001.41
1526,2021-10-21 23:59:59.999000064,62193.15
1527,2021-10-22 23:59:59.999000064,60688.22
1528,2021-10-23 23:59:59.999000064,61286.75
1529,2021-10-24 23:59:59.999000064,60852.22
1530,2021-10-25 23:59:59.999000064,63078.78
1531,2021-10-26 23:59:59.999000064,60328.81
1532,2021-10-27 23:59:59.999000064,58413.44
1533,2021-10-28 23:59:59.999000064,60575.89
1534,2021-10-29 23:59:59.999000064,62253.71
1535,2021-10-30 23:59:59.999000064,61859.19
1536,2021-10-31 23:59:59.999000064,61299.8
1537,2021-11-01 23:59:59.999000064,60911.11
1538,2021-11-02 23:59:59.999000064,63219.99
1539,2021-11-03 23:59:59.999000064,62896.48
1540,2021-11-04 23:59:59.999000064,61395.01
1541,2021-11-05 23:59:59.999000064,60937.12
1542,2021-11-06 23:59:59.999000064,61470.61
1543,2021-11-07 23:59:59.999000064,63273.59
1544,2021-11-08 23:59:59.999000064,67525.83
1545,2021-11-09 23:59:59.999000064,66947.66
1546,2021-11-10 23:59:59.999000064,64882.43
1547,2021-11-11 23:59:59.999000064,64774.26
1548,2021-11-12 23:59:59.999000064,64122.23
1549,2021-11-13 23:59:59.999000064,64380.0
1550,2021-11-14 23:59:59.999000064,65519.1
1551,2021-11-15 23:59:59.999000064,63606.74
1552,2021-11-16 23:59:59.999000064,60058.87
1553,2021-11-17 23:59:59.999000064,60344.87
1554,2021-11-18 23:59:59.999000064,56891.62
1555,2021-11-19 23:59:59.999000064,58052.24
1556,2021-11-20 23:59:59.999000064,59707.51
1557,2021-11-21 23:59:59.999000064,58622.02
1558,2021-11-22 23:59:59.999000064,56247.18
1559,2021-11-23 23:59:59.999000064,57541.27
1560,2021-11-24 23:59:59.999000064,57138.29
1561,2021-11-25 23:59:59.999000064,58960.36
1562,2021-11-26 23:59:59.999000064,53726.53
1563,2021-11-27 23:59:59.999000064,54721.03
1564,2021-11-28 23:59:59.999000064,57274.88
1565,2021-11-29 23:59:59.999000064,57776.25
1566,2021-11-30 23:59:59.999000064,56950.56
1567,2021-12-01 23:59:59.999000064,57184.07
1568,2021-12-02 23:59:59.999000064,56480.34
1569,2021-12-03 23:59:59.999000064,53601.05
1570,2021-12-04 23:59:59.999000064,49152.47
1571,2021-12-05 23:59:59.999000064,49396.33
1572,2021-12-06 23:59:59.999000064,50441.92
1573,2021-12-07 23:59:59.999000064,50588.95
1574,2021-12-08 23:59:59.999000064,50471.19
1575,2021-12-09 23:59:59.999000064,47545.59
1576,2021-12-10 23:59:59.999000064,47140.54
1577,2021-12-11 23:59:59.999000064,49389.99
1578,2021-12-12 23:59:59.999000064,50053.9
1579,2021-12-13 23:59:59.999000064,46702.75
1580,2021-12-14 23:59:59.999000064,48343.28
1581,2021-12-15 23:59:59.999000064,48864.98
1582,2021-12-16 23:59:59.999000064,47632.38
1583,2021-12-17 23:59:59.999000064,46131.2
1584,2021-12-18 23:59:59.999000064,46834.48
1585,2021-12-19 23:59:59.999000064,46681.23
1586,2021-12-20 23:59:59.999000064,46914.16
1587,2021-12-21 23:59:59.999000064,48889.88
1588,2021-12-22 23:59:59.999000064,48588.16
1589,2021-12-23 23:59:59.999000064,50838.81
1590,2021-12-24 23:59:59.999000064,50820.0
1591,2021-12-25 23:59:59.999000064,50399.66
1592,2021-12-26 23:59:59.999000064,50775.49
1593,2021-12-27 23:59:59.999000064,50701.44
1594,2021-12-28 23:59:59.999000064,47543.74
1595,2021-12-29 23:59:59.999000064,46464.66
1596,2021-12-30 23:59:59.999000064,47120.87
1597,2021-12-31 23:59:59.999000064,46216.93
1598,2022-01-01 23:59:59.999000064,47722.65
1599,2022-01-02 23:59:59.999000064,47286.18
1600,2022-01-03 23:59:59.999000064,46446.1
1601,2022-01-04 23:59:59.999000064,45832.01
1602,2022-01-05 23:59:59.999000064,43451.13
1603,2022-01-06 23:59:59.999000064,43082.31
1604,2022-01-07 23:59:59.999000064,41566.48
1605,2022-01-08 23:59:59.999000064,41679.74
1606,2022-01-09 23:59:59.999000064,41864.62
1607,2022-01-10 23:59:59.999000064,41822.49
1608,2022-01-11 23:59:59.999000064,42729.29
1609,2022-01-12 23:59:59.999000064,43902.66
1610,2022-01-13 23:59:59.999000064,42560.11
1611,2022-01-14 23:59:59.999000064,43059.96
1612,2022-01-15 23:59:59.999000064,43084.29
1613,2022-01-16 23:59:59.999000064,43071.66
1614,2022-01-17 23:59:59.999000064,42201.62
1615,2022-01-18 23:59:59.999000064,42352.12
1616,2022-01-19 23:59:59.999000064,41660.01
1617,2022-01-20 23:59:59.999000064,40680.91
1618,2022-01-21 23:59:59.999000064,36445.31
1619,2022-01-22 23:59:59.999000064,35071.42
1620,2022-01-23 23:59:59.999000064,36244.55
1621,2022-01-24 23:59:59.999000064,36660.35
1622,2022-01-25 23:59:59.999000064,36958.32
1623,2022-01-26 23:59:59.999000064,36809.34
1624,2022-01-27 23:59:59.999000064,37160.1
1625,2022-01-28 23:59:59.999000064,37716.56
1626,2022-01-29 23:59:59.999000064,38166.84
1627,2022-01-30 23:59:59.999000064,37881.76
1628,2022-01-31 23:59:59.999000064,38466.9
1629,2022-02-01 23:59:59.999000064,38694.59
1630,2022-02-02 23:59:59.999000064,36896.36
1631,2022-02-03 23:59:59.999000064,37311.61
1632,2022-02-04 23:59:59.999000064,41574.25
1633,2022-02-05 23:59:59.999000064,41382.59
1634,2022-02-06 23:59:59.999000064,42380.87
1635,2022-02-07 23:59:59.999000064,43839.99
1636,2022-02-08 23:59:59.999000064,44042.99
1637,2022-02-09 23:59:59.999000064,44372.72
1638,2022-02-10 23:59:59.999000064,43495.44
1639,2022-02-11 23:59:59.999000064,42373.73
1640,2022-02-12 23:59:59.999000064,42217.87
1641,2022-02-13 23:59:59.999000064,42053.66
1642,2022-02-14 23:59:59.999000064,42535.94
1643,2022-02-15 23:59:59.999000064,44544.86
1644,2022-02-16 23:59:59.999000064,43873.56
1645,2022-02-17 23:59:59.999000064,40515.7
1646,2022-02-18 23:59:59.999000064,39974.44
1647,2022-02-19 23:59:59.999000064,40079.17
1648,2022-02-20 23:59:59.999000064,38386.89
1649,2022-02-21 23:59:59.999000064,37008.16
1650,2022-02-22 23:59:59.999000064,38230.33
1651,2022-02-23 23:59:59.999000064,37250.01
1652,2022-02-24 23:59:59.999000064,38327.21
1653,2022-02-25 23:59:59.999000064,39219.17
1654,2022-02-26 23:59:59.999000064,39116.72
1655,2022-02-27 23:59:59.999000064,37699.07
1656,2022-02-28 23:59:59.999000064,43160.0
1657,2022-03-01 23:59:59.999000064,44421.2
1658,2022-03-02 23:59:59.999000064,43892.98
1659,2022-03-03 23:59:59.999000064,42454.0
1660,2022-03-04 23:59:59.999000064,39148.66
1661,2022-03-05 23:59:59.999000064,39397.96
1662,2022-03-06 23:59:59.999000064,38420.81
1663,2022-03-07 23:59:59.999000064,37988.0
1664,2022-03-08 23:59:59.999000064,38730.63
1665,2022-03-09 23:59:59.999000064,41941.71
1666,2022-03-10 23:59:59.999000064,39422.0
1667,2022-03-11 23:59:59.999000064,38729.57
1668,2022-03-12 23:59:59.999000064,38807.36
1669,2022-03-13 23:59:59.999000064,37777.34
1670,2022-03-14 23:59:59.999000064,39671.37
1671,2022-03-15 23:59:59.999000064,39280.33
1672,2022-03-16 23:59:59.999000064,41114.0
1673,2022-03-17 23:59:59.999000064,40917.9
1674,2022-03-18 23:59:59.999000064,41757.51
1675,2022-03-19 23:59:59.999000064,42201.13
1676,2022-03-20 23:59:59.999000064,41262.11
1677,2022-03-21 23:59:59.999000064,41002.25
1678,2022-03-22 23:59:59.999000064,42364.13
1679,2022-03-23 23:59:59.999000064,42882.76
1680,2022-03-24 23:59:59.999000064,43991.46
1681,2022-03-25 23:59:59.999000064,44313.16
1682,2022-03-26 23:59:59.999000064,44511.27
1683,2022-03-27 23:59:59.999000064,46827.76
1684,2022-03-28 23:59:59.999000064,47122.21
1685,2022-03-29 23:59:59.999000064,47434.8
1686,2022-03-30 23:59:59.999000064,47067.99
1687,2022-03-31 23:59:59.999000064,45510.34
1688,2022-04-01 23:59:59.999000064,46283.49
1689,2022-04-02 23:59:59.999000064,45811.0
1690,2022-04-03 23:59:59.999000064,46407.35
1691,2022-04-04 23:59:59.999000064,46580.51
1692,2022-04-05 23:59:59.999000064,45497.55
1693,2022-04-06 23:59:59.999000064,43170.47
1694,2022-04-07 23:59:59.999000064,43444.19
1695,2022-04-08 23:59:59.999000064,42252.01
1696,2022-04-09 23:59:59.999000064,42753.97
1697,2022-04-10 23:59:59.999000064,42158.85
1698,2022-04-11 23:59:59.999000064,39530.45
1699,2022-04-12 23:59:59.999000064,40074.94
1700,2022-04-13 23:59:59.999000064,41147.79
1701,2022-04-14 23:59:59.999000064,39942.38
1702,2022-04-15 23:59:59.999000064,40551.9
1703,2022-04-16 23:59:59.999000064,40378.71
1704,2022-04-17 23:59:59.999000064,39678.12
1705,2022-04-18 23:59:59.999000064,40801.13
1706,2022-04-19 23:59:59.999000064,41493.18
1707,2022-04-20 23:59:59.999000064,41358.19
1708,2022-04-21 23:59:59.999000064,40480.01
1709,2022-04-22 23:59:59.999000064,39709.18
1710,2022-04-23 23:59:59.999000064,39441.6
1711,2022-04-24 23:59:59.999000064,39450.13
1712,2022-04-25 23:59:59.999000064,40426.08
1713,2022-04-26 23:59:59.999000064,38112.65
1714,2022-04-27 23:59:59.999000064,39235.72
1715,2022-04-28 23:59:59.999000064,39742.07
1716,2022-04-29 23:59:59.999000064,38596.11
1717,2022-04-30 23:59:59.999000064,37630.8
1718,2022-05-01 23:59:59.999000064,38468.35
1719,2022-05-02 23:59:59.999000064,38525.16
1720,2022-05-03 23:59:59.999000064,37728.95
1721,2022-05-04 23:59:59.999000064,39690.0
1722,2022-05-05 23:59:59.999000064,36552.97
1723,2022-05-06 23:59:59.999000064,36013.77
1724,2022-05-07 23:59:59.999000064,35472.39
1725,2022-05-08 23:59:59.999000064,34038.4
1726,2022-05-09 23:59:59.999000064,30076.31
1727,2022-05-10 23:59:59.999000064,31017.1
1728,2022-05-11 23:59:59.999000064,29103.94
1729,2022-05-12 23:59:59.999000064,29029.75
1730,2022-05-13 23:59:59.999000064,29287.05
1731,2022-05-14 23:59:59.999000064,30086.74
1732,2022-05-15 23:59:59.999000064,31328.89
1733,2022-05-16 23:59:59.999000064,29874.01
1734,2022-05-17 23:59:59.999000064,30444.93
1735,2022-05-18 23:59:59.999000064,28715.32
1736,2022-05-19 23:59:59.999000064,30319.23
1737,2022-05-20 23:59:59.999000064,29201.01
1738,2022-05-21 23:59:59.999000064,29445.06
1739,2022-05-22 23:59:59.999000064,30293.94
1740,2022-05-23 23:59:59.999000064,29109.15
1741,2022-05-24 23:59:59.999000064,29654.58
1742,2022-05-25 23:59:59.999000064,29542.15
1743,2022-05-26 23:59:59.999000064,29201.35
1744,2022-05-27 23:59:59.999000064,28629.8
1745,2022-05-28 23:59:59.999000064,29031.33
1746,2022-05-29 23:59:59.999000064,29468.1
1747,2022-05-30 23:59:59.999000064,31734.22
1748,2022-05-31 23:59:59.999000064,31801.04
1749,2022-06-01 23:59:59.999000064,29805.83
1750,2022-06-02 23:59:59.999000064,30452.62
1751,2022-06-03 23:59:59.999000064,29700.21
1752,2022-06-04 23:59:59.999000064,29864.04
1753,2022-06-05 23:59:59.999000064,29919.21
1754,2022-06-06 23:59:59.999000064,31373.1
1755,2022-06-07 23:59:59.999000064,31125.33
1756,2022-06-08 23:59:59.999000064,30204.77
1757,2022-06-09 23:59:59.999000064,30109.93
1758,2022-06-10 23:59:59.999000064,29091.88
1759,2022-06-11 23:59:59.999000064,28424.7
1760,2022-06-12 23:59:59.999000064,26574.53
1761,2022-06-13 23:59:59.999000064,22487.41
1762,2022-06-14 23:59:59.999000064,22136.41
1763,2022-06-15 23:59:59.999000064,22583.72
1764,2022-06-16 23:59:59.999000064,20401.31
1765,2022-06-17 23:59:59.999000064,20468.81
1766,2022-06-18 23:59:59.999000064,18970.79
1767,2022-06-19 23:59:59.999000064,20574.0
1768,2022-06-20 23:59:59.999000064,20573.89
1769,2022-06-21 23:59:59.999000064,20723.52
1770,2022-06-22 23:59:59.999000064,19987.99
1771,2022-06-23 23:59:59.999000064,21110.13
1772,2022-06-24 23:59:59.999000064,21237.69
1773,2022-06-25 23:59:59.999000064,21491.19
1774,2022-06-26 23:59:59.999000064,21038.07
1775,2022-06-27 23:59:59.999000064,20742.56
1776,2022-06-28 23:59:59.999000064,20281.29
1777,2022-06-29 23:59:59.999000064,20123.01
1778,2022-06-30 23:59:59.999000064,19942.21
1779,2022-07-01 23:59:59.999000064,19279.8
1780,2022-07-02 23:59:59.999000064,19252.81
1781,2022-07-03 23:59:59.999000064,19315.83
1782,2022-07-04 23:59:59.999000064,20236.71
1783,2022-07-05 23:59:59.999000064,20175.83
1784,2022-07-06 23:59:59.999000064,20564.51
1785,2022-07-07 23:59:59.999000064,21624.98
1786,2022-07-08 23:59:59.999000064,21594.75
1787,2022-07-09 23:59:59.999000064,21591.83
1788,2022-07-10 23:59:59.999000064,20862.47
1789,2022-07-11 23:59:59.999000064,19963.61
1790,2022-07-12 23:59:59.999000064,19328.75
1791,2022-07-13 23:59:59.999000064,20234.87
1792,2022-07-14 23:59:59.999000064,20588.84
1793,2022-07-15 23:59:59.999000064,20830.04
1794,2022-07-16 23:59:59.999000064,21195.6
1795,2022-07-17 23:59:59.999000064,20798.16
1796,2022-07-18 23:59:59.999000064,22432.58
1797,2022-07-19 23:59:59.999000064,23396.62
1798,2022-07-20 23:59:59.999000064,23223.3
1799,2022-07-21 23:59:59.999000064,23152.19
1800,2022-07-22 23:59:59.999000064,22684.83
1801,2022-07-23 23:59:59.999000064,22451.07
1802,2022-07-24 23:59:59.999000064,22579.68
1803,2022-07-25 23:59:59.999000064,21310.9
1804,2022-07-26 23:59:59.999000064,21254.67
1805,2022-07-27 23:59:59.999000064,22952.45
1806,2022-07-28 23:59:59.999000064,23842.93
1807,2022-07-29 23:59:59.999000064,23773.75
1808,2022-07-30 23:59:59.999000064,23643.51
1809,2022-07-31 23:59:59.999000064,23293.32
1810,2022-08-01 23:59:59.999000064,23268.01
1811,2022-08-02 23:59:59.999000064,22987.79
1812,2022-08-03 23:59:59.999000064,22818.37
1813,2022-08-04 23:59:59.999000064,22622.98
1814,2022-08-05 23:59:59.999000064,23312.42
1815,2022-08-06 23:59:59.999000064,22954.21
1816,2022-08-07 23:59:59.999000064,23174.39
1817,2022-08-08 23:59:59.999000064,23810.0
1818,2022-08-09 23:59:59.999000064,23149.95
1819,2022-08-10 23:59:59.999000064,23954.05
1820,2022-08-11 23:59:59.999000064,23934.39
1821,2022-08-12 23:59:59.999000064,24403.68
1822,2022-08-13 23:59:59.999000064,24441.38
1823,2022-08-14 23:59:59.999000064,24305.24
1824,2022-08-15 23:59:59.999000064,24094.82
1825,2022-08-16 23:59:59.999000064,23854.74
1826,2022-08-17 23:59:59.999000064,23342.66
1827,2022-08-18 23:59:59.999000064,23191.2
1828,2022-08-19 23:59:59.999000064,20834.39
1829,2022-08-20 23:59:59.999000064,21140.07
1830,2022-08-21 23:59:59.999000064,21515.61
1831,2022-08-22 23:59:59.999000064,21399.83
1832,2022-08-23 23:59:59.999000064,21529.12
1833,2022-08-24 23:59:59.999000064,21368.08
1834,2022-08-25 23:59:59.999000064,21559.04
1835,2022-08-26 23:59:59.999000064,20241.05
1836,2022-08-27 23:59:59.999000064,20037.6
1837,2022-08-28 23:59:59.999000064,19555.61
1838,2022-08-29 23:59:59.999000064,20285.73
1839,2022-08-30 23:59:59.999000064,19811.66
1840,2022-08-31 23:59:59.999000064,20050.02
1841,2022-09-01 23:59:59.999000064,20131.46
1842,2022-09-02 23:59:59.999000064,19951.86
1843,2022-09-03 23:59:59.999000064,19831.9
1844,2022-09-04 23:59:59.999000064,20000.3
1845,2022-09-05 23:59:59.999000064,19796.84
1846,2022-09-06 23:59:59.999000064,18790.61
1847,2022-09-07 23:59:59.999000064,19292.84
1848,2022-09-08 23:59:59.999000064,19319.77
1849,2022-09-09 23:59:59.999000064,21360.11
1850,2022-09-10 23:59:59.999000064,21648.34
1851,2022-09-11 23:59:59.999000064,21826.87
1852,2022-09-12 23:59:59.999000064,22395.74
1853,2022-09-13 23:59:59.999000064,20173.57
1854,2022-09-14 23:59:59.999000064,20226.71
1855,2022-09-15 23:59:59.999000064,19701.88
1856,2022-09-16 23:59:59.999000064,19803.3
1857,2022-09-17 23:59:59.999000064,20113.62
1858,2022-09-18 23:59:59.999000064,19416.18
1859,2022-09-19 23:59:59.999000064,19537.02
1860,2022-09-20 23:59:59.999000064,18875.0
1861,2022-09-21 23:59:59.999000064,18461.36
1862,2022-09-22 23:59:59.999000064,19401.63
1863,2022-09-23 23:59:59.999000064,19289.91
1864,2022-09-24 23:59:59.999000064,18920.5
1865,2022-09-25 23:59:59.999000064,18807.38
1866,2022-09-26 23:59:59.999000064,19227.82
1867,2022-09-27 23:59:59.999000064,19079.13
1868,2022-09-28 23:59:59.999000064,19412.82
1869,2022-09-29 23:59:59.999000064,19591.51
1870,2022-09-30 23:59:59.999000064,19422.61
1871,2022-10-01 23:59:59.999000064,19310.95
1872,2022-10-02 23:59:59.999000064,19056.8
1873,2022-10-03 23:59:59.999000064,19629.08
1874,2022-10-04 23:59:59.999000064,20337.82
1875,2022-10-05 23:59:59.999000064,20158.26
1876,2022-10-06 23:59:59.999000064,19960.67
1877,2022-10-07 23:59:59.999000064,19530.09
1878,2022-10-08 23:59:59.999000064,19417.96
1879,2022-10-09 23:59:59.999000064,19439.02
1880,2022-10-10 23:59:59.999000064,19131.87
1881,2022-10-11 23:59:59.999000064,19060.0
1882,2022-10-12 23:59:59.999000064,19155.53
1883,2022-10-13 23:59:59.999000064,19375.13
1884,2022-10-14 23:59:59.999000064,19176.93
1885,2022-10-15 23:59:59.999000064,19069.39
1886,2022-10-16 23:59:59.999000064,19262.98
1887,2022-10-17 23:59:59.999000064,19549.86
1888,2022-10-18 23:59:59.999000064,19327.44
1889,2022-10-19 23:59:59.999000064,19123.97
1890,2022-10-20 23:59:59.999000064,19041.92
1891,2022-10-21 23:59:59.999000064,19164.37
1892,2022-10-22 23:59:59.999000064,19204.35
1893,2022-10-23 23:59:59.999000064,19570.4
1894,2022-10-24 23:59:59.999000064,19329.72
1895,2022-10-25 23:59:59.999000064,20080.07
1896,2022-10-26 23:59:59.999000064,20771.59
1897,2022-10-27 23:59:59.999000064,20295.11
1898,2022-10-28 23:59:59.999000064,20591.84
1899,2022-10-29 23:59:59.999000064,20809.67
1900,2022-10-30 23:59:59.999000064,20627.48
1901,2022-10-31 23:59:59.999000064,20490.74
1902,2022-11-01 23:59:59.999000064,20483.62
1903,2022-11-02 23:59:59.999000064,20151.84
1904,2022-11-03 23:59:59.999000064,20207.82
1905,2022-11-04 23:59:59.999000064,21148.52
1906,2022-11-05 23:59:59.999000064,21299.37
1907,2022-11-06 23:59:59.999000064,20905.58
1908,2022-11-07 23:59:59.999000064,20591.13
1909,2022-11-08 23:59:59.999000064,18547.23
1910,2022-11-09 23:59:59.999000064,15922.81
1911,2022-11-10 23:59:59.999000064,17601.15
1912,2022-11-11 23:59:59.999000064,17070.31
1913,2022-11-12 23:59:59.999000064,16812.08
1914,2022-11-13 23:59:59.999000064,16329.85
1915,2022-11-14 23:59:59.999000064,16619.46
1916,2022-11-15 23:59:59.999000064,16900.57
1917,2022-11-16 23:59:59.999000064,16662.76
1918,2022-11-17 23:59:59.999000064,16692.56
1919,2022-11-18 23:59:59.999000064,16700.45
1920,2022-11-19 23:59:59.999000064,16700.68
1921,2022-11-20 23:59:59.999000064,16280.23
1922,2022-11-21 23:59:59.999000064,15781.29
1923,2022-11-22 23:59:59.999000064,16226.94
1924,2022-11-23 23:59:59.999000064,16603.11
1925,2022-11-24 23:59:59.999000064,16598.95
1926,2022-11-25 23:59:59.999000064,16522.14
1927,2022-11-26 23:59:59.999000064,16458.57
1928,2022-11-27 23:59:59.999000064,16428.78
1929,2022-11-28 23:59:59.999000064,16212.91
1930,2022-11-29 23:59:59.999000064,16442.53
1931,2022-11-30 23:59:59.999000064,17163.64
1932,2022-12-01 23:59:59.999000064,16977.37
1933,2022-12-02 23:59:59.999000064,17092.74
1934,2022-12-03 23:59:59.999000064,16885.2
1935,2022-12-04 23:59:59.999000064,17105.7
1936,2022-12-05 23:59:59.999000064,16966.35
1937,2022-12-06 23:59:59.999000064,17088.96
1938,2022-12-07 23:59:59.999000064,16836.64
1939,2022-12-08 23:59:59.999000064,17224.1
1940,2022-12-09 23:59:59.999000064,17128.56
1941,2022-12-10 23:59:59.999000064,17127.49
1942,2022-12-11 23:59:59.999000064,17085.05
1943,2022-12-12 23:59:59.999000064,17209.83
1944,2022-12-13 23:59:59.999000064,17774.7
1945,2022-12-14 23:59:59.999000064,17803.15
1946,2022-12-15 23:59:59.999000064,17356.34
1947,2022-12-16 23:59:59.999000064,16632.12
1948,2022-12-17 23:59:59.999000064,16776.52
1949,2022-12-18 23:59:59.999000064,16738.21
1950,2022-12-19 23:59:59.999000064,16438.88
1951,2022-12-20 23:59:59.999000064,16895.56
1952,2022-12-21 23:59:59.999000064,16824.67
1953,2022-12-22 23:59:59.999000064,16821.43
1954,2022-12-23 23:59:59.999000064,16778.5
1955,2022-12-24 23:59:59.999000064,16836.12
1956,2022-12-25 23:59:59.999000064,16832.11
1957,2022-12-26 23:59:59.999000064,16919.39
1958,2022-12-27 23:59:59.999000064,16706.36
1959,2022-12-28 23:59:59.999000064,16547.31
1960,2022-12-29 23:59:59.999000064,16633.47
1961,2022-12-30 23:59:59.999000064,16607.48
1962,2022-12-31 23:59:59.999000064,16542.4
1963,2023-01-01 23:59:59.999000064,16616.75
1964,2023-01-02 23:59:59.999000064,16672.87
1965,2023-01-03 23:59:59.999000064,16675.18
1966,2023-01-04 23:59:59.999000064,16850.36
1967,2023-01-05 23:59:59.999000064,16831.85
1968,2023-01-06 23:59:59.999000064,16950.65
1969,2023-01-07 23:59:59.999000064,16943.57
1970,2023-01-08 23:59:59.999000064,17127.83
1971,2023-01-09 23:59:59.999000064,17178.26
1972,2023-01-10 23:59:59.999000064,17440.66
1973,2023-01-11 23:59:59.999000064,17943.26
1974,2023-01-12 23:59:59.999000064,18846.62
1975,2023-01-13 23:59:59.999000064,19930.01
1976,2023-01-14 23:59:59.999000064,20954.92
1977,2023-01-15 23:59:59.999000064,20871.5
1978,2023-01-16 23:59:59.999000064,21185.65
1979,2023-01-17 23:59:59.999000064,21134.81
1980,2023-01-18 23:59:59.999000064,20677.47
1981,2023-01-19 23:59:59.999000064,21071.59
1982,2023-01-20 23:59:59.999000064,22667.21
1983,2023-01-21 23:59:59.999000064,22783.55
1984,2023-01-22 23:59:59.999000064,22707.88
1985,2023-01-23 23:59:59.999000064,22916.45
1986,2023-01-24 23:59:59.999000064,22632.89
1987,2023-01-25 23:59:59.999000064,23060.94
1988,2023-01-26 23:59:59.999000064,23009.65
1989,2023-01-27 23:59:59.999000064,23074.16
1990,2023-01-28 23:59:59.999000064,23022.6
1991,2023-01-29 23:59:59.999000064,23742.3
1992,2023-01-30 23:59:59.999000064,22826.15
1993,2023-01-31 23:59:59.999000064,23125.13
1994,2023-02-01 23:59:59.999000064,23732.66
1995,2023-02-02 23:59:59.999000064,23488.94
1996,2023-02-03 23:59:59.999000064,23431.9
1997,2023-02-04 23:59:59.999000064,23326.84
1998,2023-02-05 23:59:59.999000064,22932.91
1999,2023-02-06 23:59:59.999000064,22762.52
2000,2023-02-07 23:59:59.999000064,23240.46
2001,2023-02-08 23:59:59.999000064,22963.0
2002,2023-02-09 23:59:59.999000064,21796.35
2003,2023-02-10 23:59:59.999000064,21625.19
2004,2023-02-11 23:59:59.999000064,21862.55
2005,2023-02-12 23:59:59.999000064,21783.54
2006,2023-02-13 23:59:59.999000064,21773.97
2007,2023-02-14 23:59:59.999000064,22199.84
2008,2023-02-15 23:59:59.999000064,24324.05
2009,2023-02-16 23:59:59.999000064,23517.72
2010,2023-02-17 23:59:59.999000064,24569.97
2011,2023-02-18 23:59:59.999000064,24631.95
2012,2023-02-19 23:59:59.999000064,24271.76
2013,2023-02-20 23:59:59.999000064,24842.2
2014,2023-02-21 23:59:59.999000064,24452.16
2015,2023-02-22 23:59:59.999000064,24182.21
2016,2023-02-23 23:59:59.999000064,23940.2
2017,2023-02-24 23:59:59.999000064,23185.29
2018,2023-02-25 23:59:59.999000064,23157.07
2019,2023-02-26 23:59:59.999000064,23554.85
2020,2023-02-27 23:59:59.999000064,23492.09
2021,2023-02-28 23:59:59.999000064,23141.57
2022,2023-03-01 23:59:59.999000064,23628.97
2023,2023-03-02 23:59:59.999000064,23465.32
2024,2023-03-03 23:59:59.999000064,22354.34
2025,2023-03-04 23:59:59.999000064,22346.57
2026,2023-03-05 23:59:59.999000064,22430.24
2027,2023-03-06 23:59:59.999000064,22410.0
2028,2023-03-07 23:59:59.999000064,22197.96
2029,2023-03-08 23:59:59.999000064,21705.44
2030,2023-03-09 23:59:59.999000064,20362.22
2031,2023-03-10 23:59:59.999000064,20150.69
2032,2023-03-11 23:59:59.999000064,20455.73
2033,2023-03-12 23:59:59.999000064,21997.11
2034,2023-03-13 23:59:59.999000064,24113.48
2035,2023-03-14 23:59:59.999000064,24670.41
2036,2023-03-15 23:59:59.999000064,24285.66
2037,2023-03-16 23:59:59.999000064,24998.78
2038,2023-03-17 23:59:59.999000064,27395.13
2039,2023-03-18 23:59:59.999000064,26907.49
2040,2023-03-19 23:59:59.999000064,27972.87
2041,2023-03-20 23:59:59.999000064,27717.01
2042,2023-03-21 23:59:59.999000064,28105.47
2043,2023-03-22 23:59:59.999000064,27250.97
2044,2023-03-23 23:59:59.999000064,28295.41
2045,2023-03-24 23:59:59.999000064,27454.47
2046,2023-03-25 23:59:59.999000064,27462.95
2047,2023-03-26 23:59:59.999000064,27968.05
2048,2023-03-27 23:59:59.999000064,27124.91
2049,2023-03-28 23:59:59.999000064,27261.07
2050,2023-03-29 23:59:59.999000064,28348.6
2051,2023-03-30 23:59:59.999000064,28028.53
2052,2023-03-31 23:59:59.999000064,28465.36
2053,2023-04-01 23:59:59.999000064,28452.73
2054,2023-04-02 23:59:59.999000064,28171.87
2055,2023-04-03 23:59:59.999000064,27800.0
2056,2023-04-04 23:59:59.999000064,28165.47
2057,2023-04-05 23:59:59.999000064,28170.01
2058,2023-04-06 23:59:59.999000064,28033.82
2059,2023-04-07 23:59:59.999000064,27906.33
2060,2023-04-08 23:59:59.999000064,27938.38
2061,2023-04-09 23:59:59.999000064,28323.76
2062,2023-04-10 23:59:59.999000064,29637.34
2063,2023-04-11 23:59:59.999000064,30200.42
2064,2023-04-12 23:59:59.999000064,29888.07
2065,2023-04-13 23:59:59.999000064,30373.84
2066,2023-04-14 23:59:59.999000064,30466.93
2067,2023-04-15 23:59:59.999000064,30295.09
2068,2023-04-16 23:59:59.999000064,30304.65
2069,2023-04-17 23:59:59.999000064,29430.27
2070,2023-04-18 23:59:59.999000064,30380.01
2071,2023-04-19 23:59:59.999000064,28797.1
2072,2023-04-20 23:59:59.999000064,28243.65
2073,2023-04-21 23:59:59.999000064,27262.84
2074,2023-04-22 23:59:59.999000064,27816.85
2075,2023-04-23 23:59:59.999000064,27590.6
2076,2023-04-24 23:59:59.999000064,27510.93
2077,2023-04-25 23:59:59.999000064,28300.79
2078,2023-04-26 23:59:59.999000064,28415.29
2079,2023-04-27 23:59:59.999000064,29472.77
2080,2023-04-28 23:59:59.999000064,29311.7
2081,2023-04-29 23:59:59.999000064,29230.45
2082,2023-04-30 23:59:59.999000064,29233.21
2083,2023-05-01 23:59:59.999000064,28068.26
2084,2023-05-02 23:59:59.999000064,28669.86
2085,2023-05-03 23:59:59.999000064,29026.16
2086,2023-05-04 23:59:59.999000064,28838.16
2087,2023-05-05 23:59:59.999000064,29505.61
2088,2023-05-06 23:59:59.999000064,28848.2
2089,2023-05-07 23:59:59.999000064,28430.1
2090,2023-05-08 23:59:59.999000064,27668.79
2091,2023-05-09 23:59:59.999000064,27628.27
2092,2023-05-10 23:59:59.999000064,27598.75
2093,2023-05-11 23:59:59.999000064,26968.62
2094,2023-05-12 23:59:59.999000064,26795.01
2095,2023-05-13 23:59:59.999000064,26775.28
2096,2023-05-14 23:59:59.999000064,26917.62
2097,2023-05-15 23:59:59.999000064,27162.14
2098,2023-05-16 23:59:59.999000064,27033.84
2099,2023-05-17 23:59:59.999000064,27405.61
2100,2023-05-18 23:59:59.999000064,26821.28
2101,2023-05-19 23:59:59.999000064,26880.26
2102,2023-05-20 23:59:59.999000064,27055.0
